,날짜,회사명,시가(₩),최고가(₩),최저가(₩),종가(₩),거래량
0,2024-05-09,skhynix,179000,179400,175400,175400,2861600
1,2024-05-08,skhynix,177600,179400,176000,178000,2304744
2,2024-05-07,skhynix,179400,180900,179300,179600,4349589
3,2024-05-03,skhynix,177000,177500,173200,173200,2336256
4,2024-05-02,skhynix,169000,174700,169000,173600,3168250
5,2024-04-30,skhynix,175900,179000,173800,174200,3655060
6,2024-04-29,skhynix,179100,180400,175600,175900,2892809
7,2024-04-26,skhynix,176200,178300,174900,177800,5471765
8,2024-04-25,skhynix,173800,176700,170600,170600,5332149
9,2024-04-24,skhynix,178900,180200,176300,179800,4254632
10,2024-04-23,skhynix,172600,173700,169700,171000,3975371
11,2024-04-22,skhynix,170700,172400,167000,171600,5882906
12,2024-04-19,skhynix,177200,178500,169500,173300,7545976
13,2024-04-18,skhynix,176000,183300,175400,182300,4170243
14,2024-04-17,skhynix,179600,182500,177700,178700,4340591
15,2024-04-16,skhynix,184400,185500,178300,179100,4956035
16,2024-04-15,skhynix,185400,188400,183000,188200,2672047
17,2024-04-12,skhynix,188700,191400,187000,187400,3097301
18,2024-04-11,skhynix,182900,188400,182400,188400,4098231
19,2024-04-09,skhynix,182300,185300,181700,182900,2302751
20,2024-04-08,skhynix,183900,183900,180000,181200,3278855
21,2024-04-05,skhynix,184800,187600,181800,182800,4043133
22,2024-04-04,skhynix,184400,188500,184000,188000,5344102
23,2024-04-03,skhynix,182000,183700,178200,179200,5416518
24,2024-04-02,skhynix,188000,190000,184400,186300,4207759
25,2024-04-01,skhynix,186400,190500,185000,185500,2723474
26,2024-03-29,skhynix,179200,183900,177600,183000,3035080
27,2024-03-28,skhynix,178000,182100,178000,178200,3424716
28,2024-03-27,skhynix,176700,183000,175600,181200,5774536
29,2024-03-26,skhynix,172000,179500,171900,176600,6549669
30,2024-03-25,skhynix,170500,174800,168500,169400,3434516
31,2024-03-22,skhynix,169000,173900,167400,169800,5400916
32,2024-03-21,skhynix,165200,171400,162600,170000,9205769
33,2024-03-20,skhynix,160200,161400,154100,156500,5692523
34,2024-03-19,skhynix,161700,161800,157600,160200,4159293
35,2024-03-18,skhynix,161200,164500,161000,164300,2696598
36,2024-03-15,skhynix,159600,162900,158600,161200,4099531
37,2024-03-14,skhynix,163600,164200,161100,161900,3655060
38,2024-03-13,skhynix,168600,169700,162000,163600,5072935
39,2024-03-12,skhynix,166100,167200,164000,165700,3102706
40,2024-03-11,skhynix,165000,168900,164700,166600,3450905
41,2024-03-08,skhynix,169800,174900,169300,171900,5089650
42,2024-03-07,skhynix,164500,165900,161000,164900,3052700
43,2024-03-06,skhynix,164100,165500,162700,162900,2672526
44,2024-03-05,skhynix,165100,169000,164100,165800,3612530
45,2024-03-04,skhynix,161000,168100,160700,166500,5230909
46,2024-02-29,skhynix,154900,158400,154500,156200,3386307
47,2024-02-28,skhynix,154500,159200,153800,158000,3666960
48,2024-02-27,skhynix,159000,160000,153300,153800,6107954
49,2024-02-26,skhynix,158400,164800,158400,161800,4329477
50,2024-02-23,skhynix,166900,166900,159800,161400,7012032
51,2024-02-22,skhynix,154500,156500,152600,156500,5966352
52,2024-02-21,skhynix,147100,152200,147100,149000,4278500
53,2024-02-20,skhynix,150300,151100,147500,149600,3507601
54,2024-02-19,skhynix,146200,153200,146000,151300,3997323
55,2024-02-16,skhynix,150600,150600,145700,146800,3265836
56,2024-02-15,skhynix,151300,152700,148000,148700,3560211
57,2024-02-14,skhynix,146300,149200,144900,148700,4396924
58,2024-02-13,skhynix,146800,150000,145000,150000,6902585
59,2024-02-08,skhynix,139000,143000,137900,142800,5780714
60,2024-02-07,skhynix,136600,138500,135500,138000,3348045
61,2024-02-06,skhynix,133700,138400,132000,138000,4672324
62,2024-02-05,skhynix,134900,135800,131700,132300,3300954
63,2024-02-02,skhynix,132300,135300,132200,134900,3708253
64,2024-02-01,skhynix,133100,135600,131700,132700,3778274
65,2024-01-31,skhynix,134800,136600,133600,134700,2815362
66,2024-01-30,skhynix,135300,137800,134400,136900,2297631
67,2024-01-29,skhynix,135500,137000,135000,135000,2311854
68,2024-01-26,skhynix,136200,138600,136000,136000,3247410
69,2024-01-25,skhynix,142700,143700,136900,137400,4708651
70,2024-01-24,skhynix,140000,141700,137600,141500,2580665
71,2024-01-23,skhynix,142300,142800,138300,140800,2912611
72,2024-01-22,skhynix,145200,145400,142300,142600,3784276
73,2024-01-19,skhynix,138700,141300,137400,141300,4946040
74,2024-01-18,skhynix,131500,136800,130600,136200,3050556
75,2024-01-17,skhynix,133800,134500,129000,131000,3822702
76,2024-01-16,skhynix,132600,133700,131100,132100,3670169
77,2024-01-15,skhynix,134800,135100,133300,134100,1858867
78,2024-01-12,skhynix,136400,137300,133400,134100,1878915
79,2024-01-11,skhynix,132400,137100,132400,136000,3594909
80,2024-01-10,skhynix,137700,138100,132100,133500,3769252
81,2024-01-09,skhynix,139000,139500,136600,137400,3473806
82,2024-01-08,skhynix,137500,137900,135400,136000,2498302
83,2024-01-05,skhynix,135800,137500,135800,137500,1846781
84,2024-01-04,skhynix,136800,138800,135800,136400,2661970
85,2024-01-03,skhynix,140000,140800,136800,136800,3257820
86,2024-01-02,skhynix,139700,142800,139700,142400,2147458
87,2023-12-28,skhynix,140900,141600,139500,141500,2459473
88,2023-12-27,skhynix,140800,141600,139200,140400,2336777
89,2023-12-26,skhynix,142000,142000,139400,140900,2239789
90,2023-12-22,skhynix,142700,143700,140600,140600,3183709
91,2023-12-21,skhynix,139200,140600,138100,140500,2737124
92,2023-12-20,skhynix,139900,140800,139300,140500,3108011
93,2023-12-19,skhynix,140000,140800,138100,138200,2309721
94,2023-12-18,skhynix,139000,140800,138900,140000,2540812
95,2023-12-15,skhynix,137000,140000,137000,140000,5011719
96,2023-12-14,skhynix,133700,138300,133600,136700,8217135
97,2023-12-13,skhynix,130000,132400,130000,131200,2852873
98,2023-12-12,skhynix,130600,131900,130500,131000,3126577
99,2023-12-11,skhynix,128700,129100,127300,128900,3696790
100,2023-12-08,skhynix,128100,129100,127500,127500,2762531
101,2023-12-07,skhynix,125600,127800,124500,125600,2478565
102,2023-12-06,skhynix,126800,127500,125400,125600,2667583
103,2023-12-05,skhynix,129700,130000,125400,125900,4375531
104,2023-12-04,skhynix,133400,134600,131100,131100,2680820
105,2023-12-01,skhynix,132200,133000,130800,132600,3641222
106,2023-11-30,skhynix,129900,133900,129900,133900,3625365
107,2023-11-29,skhynix,130200,131000,128900,130400,2227853
108,2023-11-28,skhynix,132100,132100,129900,131400,2562226
109,2023-11-27,skhynix,129200,130700,128400,130700,2264243
110,2023-11-24,skhynix,130600,131000,128000,128000,1925668
111,2023-11-23,skhynix,130600,131400,129500,130100,1839516
112,2023-11-22,skhynix,129600,131600,129500,131300,2128566
113,2023-11-21,skhynix,132000,133300,131600,132000,2439306
114,2023-11-20,skhynix,129300,132000,129300,131400,2004403
115,2023-11-17,skhynix,131500,132000,129100,129900,2438499
116,2023-11-16,skhynix,133000,134400,131200,132300,2456351
117,2023-11-15,skhynix,133900,134200,132100,134100,3616292
118,2023-11-14,skhynix,133500,133500,130000,130000,2589591
119,2023-11-13,skhynix,133000,134100,131000,131800,2644761
120,2023-11-10,skhynix,127900,130800,127000,130500,2656526
121,2023-11-09,skhynix,127700,129800,126700,128000,2228081
122,2023-11-08,skhynix,131600,132700,126600,127600,3328279
123,2023-11-07,skhynix,132000,133500,129300,130400,4940510
124,2023-11-06,skhynix,125800,133000,125800,133000,6923192
125,2023-11-03,skhynix,126500,127200,125000,125800,2796773
126,2023-11-02,skhynix,123900,125400,123100,125300,3736208
127,2023-11-01,skhynix,117900,120300,117000,120300,2707225
128,2023-10-31,skhynix,119800,120900,116300,116300,3166739
129,2023-10-30,skhynix,119100,121700,118700,119100,2798497
130,2023-10-27,skhynix,119800,120900,117500,119100,5486088
131,2023-10-26,skhynix,122100,124800,119500,120000,5961584
132,2023-10-25,skhynix,127500,129000,126100,127500,3053002
133,2023-10-24,skhynix,125400,127000,123900,126800,2802010
134,2023-10-23,skhynix,126800,127200,123500,124000,2432303
135,2023-10-20,skhynix,124300,127200,122800,126200,3868266
136,2023-10-19,skhynix,127600,128900,125100,125700,5089745
137,2023-10-18,skhynix,128600,130700,127200,130000,4760148
138,2023-10-17,skhynix,125000,130800,123500,130000,6411880
139,2023-10-16,skhynix,124700,125200,122400,124100,3008476
140,2023-10-13,skhynix,123100,126300,122500,124700,3205273
141,2023-10-12,skhynix,121100,124200,120500,124200,4016352
142,2023-10-11,skhynix,123000,123900,119200,119200,4293299
143,2023-10-10,skhynix,122800,124300,119500,119500,5580659
144,2023-10-06,skhynix,120200,121600,119000,120400,4158083
145,2023-10-05,skhynix,122900,122900,118100,120200,6112858
146,2023-10-04,skhynix,113000,116600,113000,115400,4447702
147,2023-09-27,skhynix,113000,115200,112300,114700,3060751
148,2023-09-26,skhynix,117000,117200,113300,115000,3237819
149,2023-09-25,skhynix,115900,117700,115700,117000,2181722
150,2023-09-22,skhynix,114300,117300,114200,117300,2938386
151,2023-09-21,skhynix,116000,116900,114100,116500,3151900
152,2023-09-20,skhynix,118900,119700,116700,118000,2228681
153,2023-09-19,skhynix,119400,121300,118600,119200,1921912
154,2023-09-18,skhynix,120300,122900,118800,119000,2356621
155,2023-09-15,skhynix,122900,124400,121600,122400,3579662
156,2023-09-14,skhynix,118600,122200,118600,122200,3948784
157,2023-09-13,skhynix,117900,120700,116900,118500,3860589
158,2023-09-12,skhynix,115400,117500,113900,116700,2749688
159,2023-09-11,skhynix,113700,116000,112900,115900,2542590
160,2023-09-08,skhynix,117000,117100,112800,113700,4943255
161,2023-09-07,skhynix,118200,120900,117100,118500,2995088
162,2023-09-06,skhynix,118600,120000,117800,118200,1615519
163,2023-09-05,skhynix,118100,121000,117700,119400,1749591
164,2023-09-04,skhynix,118300,119700,116200,119200,3491280
165,2023-09-01,skhynix,121400,122600,119600,120000,2886011
166,2023-08-31,skhynix,121000,122800,120000,121800,4403695
167,2023-08-30,skhynix,122400,122800,119400,119400,2629711
168,2023-08-29,skhynix,118300,120300,117100,118600,2682352
169,2023-08-28,skhynix,117000,117500,115500,115900,1746882
170,2023-08-25,skhynix,117400,118300,115300,116500,3533647
171,2023-08-24,skhynix,122300,123600,120300,120900,6368401
172,2023-08-23,skhynix,116200,116800,114100,116000,2573292
173,2023-08-22,skhynix,120000,120900,114900,116500,3349473
174,2023-08-21,skhynix,117300,118500,115600,116400,2621973
175,2023-08-18,skhynix,112600,118700,111800,117200,3329697
176,2023-08-17,skhynix,114300,115500,112500,114800,3064253
177,2023-08-16,skhynix,117200,118500,115000,115800,3870479
178,2023-08-14,skhynix,114600,117300,114000,114900,2038360
179,2023-08-11,skhynix,118000,119400,115200,115300,2412381
180,2023-08-10,skhynix,117400,118500,115100,118500,2622604
181,2023-08-09,skhynix,118500,119200,117200,118500,2551668
182,2023-08-08,skhynix,121900,122400,118300,118600,2729243
183,2023-08-07,skhynix,120600,124900,120500,121900,3724826
184,2023-08-04,skhynix,118300,120900,118100,120100,2375384
185,2023-08-03,skhynix,119000,121300,117200,120000,3498537
186,2023-08-02,skhynix,123300,124800,118700,119500,3765478
187,2023-08-01,skhynix,124000,126400,120700,125100,4656047
188,2023-07-31,skhynix,128000,128500,122500,123400,4623350
189,2023-07-28,skhynix,126200,129000,122000,128000,8718746
190,2023-07-27,skhynix,115000,124000,114100,124000,9638980
191,2023-07-26,skhynix,116000,116100,111300,113000,4995935
192,2023-07-25,skhynix,114000,114200,112200,113400,2678385
193,2023-07-24,skhynix,114100,114900,112900,114000,2761991
194,2023-07-21,skhynix,114700,115100,113200,115100,2745384
195,2023-07-20,skhynix,116500,117500,115200,116900,1949776
196,2023-07-19,skhynix,118700,119100,116700,117500,2580301
197,2023-07-18,skhynix,117500,119000,116700,117800,2299880
198,2023-07-17,skhynix,116900,118700,116000,117200,2427281
199,2023-07-14,skhynix,115500,120200,115300,118000,5817889
200,2023-07-13,skhynix,115400,117000,113600,114100,3421492
201,2023-07-12,skhynix,113200,115400,112800,115400,2228477
202,2023-07-11,skhynix,111500,113400,111200,113400,2209391
203,2023-07-10,skhynix,111800,112900,109700,110300,3163245
204,2023-07-07,skhynix,112700,113000,111200,111800,2781723
205,2023-07-06,skhynix,116000,116100,113100,113800,3465047
206,2023-07-05,skhynix,118100,118200,116100,116700,2483034
207,2023-07-04,skhynix,118200,118400,117200,117900,1988592
208,2023-07-03,skhynix,115300,118900,115300,117600,3022009
209,2023-06-30,skhynix,114600,115500,113200,115200,2674318
210,2023-06-29,skhynix,115200,117400,114500,116200,4398301
211,2023-06-28,skhynix,114200,115200,112800,114300,3178571
212,2023-06-27,skhynix,114000,114000,110800,113000,3602087
213,2023-06-26,skhynix,113100,113900,111200,113500,3350758
214,2023-06-23,skhynix,114000,115200,112500,113600,2987472
215,2023-06-22,skhynix,114200,115900,113400,114000,2612402
216,2023-06-21,skhynix,116200,117500,114600,115100,2728146
217,2023-06-20,skhynix,114000,117000,113200,116100,3319570
218,2023-06-19,skhynix,118000,118500,113500,114800,4208396
219,2023-06-16,skhynix,117300,119800,116300,118900,4303391
220,2023-06-15,skhynix,120200,121100,118000,119000,3778592
221,2023-06-14,skhynix,118800,119700,118100,118800,3240260
222,2023-06-13,skhynix,117000,120100,117000,119500,6232477
223,2023-06-12,skhynix,114400,115800,114000,114800,2637721
224,2023-06-09,skhynix,110300,115600,108300,115400,7950947
225,2023-06-08,skhynix,107000,109700,106700,109700,4355468
226,2023-06-07,skhynix,108700,109300,108000,108000,3313460
227,2023-06-05,skhynix,110100,110500,108500,108700,3316020
228,2023-06-02,skhynix,111000,112700,109200,110300,3991904
229,2023-06-01,skhynix,106000,110500,106000,110300,5553560
230,2023-05-31,skhynix,110000,110900,108500,108600,8166685
231,2023-05-30,skhynix,113200,113400,109500,110300,9058509
232,2023-05-26,skhynix,107500,110500,106100,109200,10136706
233,2023-05-25,skhynix,104300,104300,101100,103500,7431586
234,2023-05-24,skhynix,97400,97800,96300,97700,2097933
235,2023-05-23,skhynix,99000,99000,97000,97900,2472514
236,2023-05-22,skhynix,97700,99400,97100,98200,4248401
237,2023-05-19,skhynix,95000,97900,94900,97300,5062669
238,2023-05-18,skhynix,92800,94000,92000,93600,3473641
239,2023-05-17,skhynix,92000,92000,90300,91900,3340386
240,2023-05-16,skhynix,89500,90700,88500,90400,5121364
241,2023-05-15,skhynix,87000,87100,85500,86400,2357794
242,2023-05-12,skhynix,86300,87600,86200,87200,2712372
243,2023-05-11,skhynix,86900,87300,85000,86300,2806299
244,2023-05-10,skhynix,87200,87700,86300,86900,2137658
245,2023-05-09,skhynix,88400,88600,86700,87300,2297473
246,2023-05-08,skhynix,89700,90000,87700,88700,2615242
247,2023-05-04,skhynix,88900,89600,87500,88700,1794303
248,2023-05-03,skhynix,89000,90300,88600,89800,1779615
249,2023-05-02,skhynix,90900,90900,88900,90200,2427349
250,2023-04-28,skhynix,90800,91400,88700,89500,3737493
251,2023-04-27,skhynix,87900,89200,86000,88800,2980163
252,2023-04-26,skhynix,86400,88700,86200,87400,3240654
253,2023-04-25,skhynix,87500,87800,83700,85500,4096411
254,2023-04-24,skhynix,88100,88800,87000,87200,2054455
255,2023-04-21,skhynix,87700,89800,87200,89100,2624982
256,2023-04-20,skhynix,86600,88400,86200,87700,1746001
257,2023-04-19,skhynix,88000,88500,86600,88200,2024519
258,2023-04-18,skhynix,89300,89300,87300,87600,1763334
259,2023-04-17,skhynix,89000,89000,87700,88500,1877825
260,2023-04-14,skhynix,90100,90300,88600,89300,2324722
261,2023-04-13,skhynix,89500,90300,88200,88700,4907552
262,2023-04-12,skhynix,91900,92000,89700,90300,4751001
263,2023-04-11,skhynix,90700,92200,89900,91800,5001836
264,2023-04-10,skhynix,88700,92500,88500,90700,5387514
265,2023-04-07,skhynix,87900,89400,86000,89100,10867359
266,2023-04-06,skhynix,83900,84700,82700,83800,5379170
267,2023-04-05,skhynix,84300,85700,84100,84600,4380498
268,2023-04-04,skhynix,85700,85900,83700,84500,16808036
269,2023-04-03,skhynix,89700,89700,86600,87200,2502220
270,2023-03-31,skhynix,89200,89500,87600,88600,2676327
271,2023-03-30,skhynix,89900,90500,87700,88800,4264354
272,2023-03-29,skhynix,87400,88700,86500,86900,3070422
273,2023-03-28,skhynix,85300,88700,85200,88400,3180431
274,2023-03-27,skhynix,87500,87800,84700,85500,3211190
275,2023-03-24,skhynix,89100,90700,86700,87300,4670908
276,2023-03-23,skhynix,85400,88500,85100,88500,3091673
277,2023-03-22,skhynix,85200,87300,83800,86900,2667268
278,2023-03-21,skhynix,84100,85100,82900,83600,1880231
279,2023-03-20,skhynix,83800,85100,83000,83700,2223378
280,2023-03-17,skhynix,81200,84800,81100,84000,6239588
281,2023-03-16,skhynix,76700,80200,76700,79000,4804196
282,2023-03-15,skhynix,81900,82300,78800,79100,5357314
283,2023-03-14,skhynix,82600,83000,81100,81100,3359381
284,2023-03-13,skhynix,83200,84700,82400,84300,2860341
285,2023-03-10,skhynix,83800,84400,83100,83300,3559824
286,2023-03-09,skhynix,87300,87800,85300,85600,3315016
287,2023-03-08,skhynix,87700,87800,86400,86800,2790989
288,2023-03-07,skhynix,89700,90000,88800,88900,1610948
289,2023-03-06,skhynix,87900,89800,87500,89700,2374415
290,2023-03-03,skhynix,88500,89200,87200,87300,2239958
291,2023-03-02,skhynix,89400,90300,87500,88100,2744038
292,2023-02-28,skhynix,91000,91000,88700,89400,2082486
293,2023-02-27,skhynix,90100,90300,89100,90000,1893345
294,2023-02-24,skhynix,93500,94000,91000,91000,2496352
295,2023-02-23,skhynix,90000,93700,89600,92700,3659678
296,2023-02-22,skhynix,89900,90300,88500,89100,2301835
297,2023-02-21,skhynix,92500,92600,90900,91200,1477419
298,2023-02-20,skhynix,92700,93300,90700,92500,1774617
299,2023-02-17,skhynix,91400,92700,90900,92000,1691509
300,2023-02-16,skhynix,91900,93400,91600,92900,1812496
301,2023-02-15,skhynix,93800,94200,91200,91700,1801577
302,2023-02-14,skhynix,91800,93500,91600,93400,2185525
303,2023-02-13,skhynix,92000,92000,89900,90600,3159031
304,2023-02-10,skhynix,94300,94700,93100,93500,1971090
305,2023-02-09,skhynix,94800,94800,92600,94400,2726568
306,2023-02-08,skhynix,91700,95000,91600,94900,3964981
307,2023-02-07,skhynix,88800,91200,88800,90800,2166265
308,2023-02-06,skhynix,91400,92000,89100,89100,2819903
309,2023-02-03,skhynix,92400,93200,91300,92200,2925123
310,2023-02-02,skhynix,94900,94900,92700,93400,4350607
311,2023-02-01,skhynix,91200,91400,88500,91400,3889171
312,2023-01-31,skhynix,90800,90800,86800,88500,5185088
313,2023-01-30,skhynix,91300,91600,90000,90700,2603297
314,2023-01-27,skhynix,91300,92800,90300,91500,2553811
315,2023-01-26,skhynix,90800,92300,90100,92300,2319962
316,2023-01-25,skhynix,92000,92000,90600,91400,3611901
317,2023-01-20,skhynix,86300,87800,86100,87600,2386074
318,2023-01-19,skhynix,84000,85800,84000,85500,1674834
319,2023-01-18,skhynix,86400,86500,84500,85100,1494262
320,2023-01-17,skhynix,86400,87200,85700,86000,1586136
321,2023-01-16,skhynix,86000,86500,84900,85800,1512876
322,2023-01-13,skhynix,86800,87500,85400,85700,2058890
323,2023-01-12,skhynix,88100,88100,85800,86800,3065582
324,2023-01-11,skhynix,87800,88400,86500,87300,3083961
325,2023-01-10,skhynix,85500,87200,85000,86500,3105311
326,2023-01-09,skhynix,84900,86000,83500,86000,3948670
327,2023-01-06,skhynix,81400,83600,81100,83100,3687430
328,2023-01-05,skhynix,83300,83300,80800,81400,3510964
329,2023-01-04,skhynix,75400,81900,75200,81000,5154609
330,2023-01-03,skhynix,75600,76300,73100,75600,2719437
331,2023-01-02,skhynix,75100,76700,75000,75700,1376985
332,2022-12-29,skhynix,75200,75600,74700,75000,1736661
333,2022-12-28,skhynix,76800,77000,75400,76000,1891221
334,2022-12-27,skhynix,77500,77600,76500,77000,1694225
335,2022-12-26,skhynix,77700,77700,76500,77000,1414717
336,2022-12-23,skhynix,77800,78300,77300,77800,1554446
337,2022-12-22,skhynix,78500,79300,77900,79200,2061883
338,2022-12-21,skhynix,78500,79200,78000,78000,1513864
339,2022-12-20,skhynix,78200,78900,77800,78300,1361926
340,2022-12-19,skhynix,78300,80100,78300,79000,1813544
341,2022-12-16,skhynix,77700,79400,77500,78400,3827227
342,2022-12-15,skhynix,80600,81100,79900,80200,1713617
343,2022-12-14,skhynix,82100,82600,81100,81800,2357491
344,2022-12-13,skhynix,81300,82700,80500,82300,2761104
345,2022-12-12,skhynix,80100,81300,79500,81100,1242007
346,2022-12-09,skhynix,79400,81500,79300,81500,2985508
347,2022-12-08,skhynix,78200,79800,78200,78800,3809847
348,2022-12-07,skhynix,79900,80700,78700,78900,3589926
349,2022-12-06,skhynix,79900,81100,79800,81000,2781352
350,2022-12-05,skhynix,81900,82300,80700,81000,3516456
351,2022-12-02,skhynix,83900,83900,81800,81900,4594058
352,2022-12-01,skhynix,87300,87300,84600,84700,2878591
353,2022-11-30,skhynix,83200,85400,83100,85000,3332708
354,2022-11-29,skhynix,82700,83800,82100,83700,1501783
355,2022-11-28,skhynix,84100,84200,82900,83100,2471506
356,2022-11-25,skhynix,87200,87300,85100,85100,1439011
357,2022-11-24,skhynix,86900,87200,85700,86900,2148255
358,2022-11-23,skhynix,86100,86700,84900,85200,1480400
359,2022-11-22,skhynix,85500,86600,84900,85200,1617131
360,2022-11-21,skhynix,87600,87700,86100,86300,2111523
361,2022-11-18,skhynix,88700,91500,88100,88400,2981192
362,2022-11-17,skhynix,82400,88500,82000,87700,3703870
363,2022-11-16,skhynix,92000,92400,90300,91500,2609199
364,2022-11-15,skhynix,91300,92100,90400,91600,2460465
365,2022-11-14,skhynix,93900,93900,90900,90900,2483441
366,2022-11-11,skhynix,95200,95300,92500,93500,5002149
367,2022-11-10,skhynix,89000,90800,88300,89100,3856811
368,2022-11-09,skhynix,88100,89200,86600,89200,2619752
369,2022-11-08,skhynix,87600,89000,87400,87700,2799575
370,2022-11-07,skhynix,85400,86800,85000,86500,2765284
371,2022-11-04,skhynix,82700,84600,81700,84500,3032985
372,2022-11-03,skhynix,82600,83500,81900,82700,2901380
373,2022-11-02,skhynix,84200,85500,83600,84500,2536363
374,2022-11-01,skhynix,82700,83900,81400,83900,3820185
375,2022-10-31,skhynix,84300,85400,82400,82700,6271574
376,2022-10-28,skhynix,87100,87800,83000,83400,7748514
377,2022-10-27,skhynix,95100,95100,89800,90000,4550273
378,2022-10-26,skhynix,93300,95500,93200,93900,3310322
379,2022-10-25,skhynix,91900,94800,91000,93500,2656194
380,2022-10-24,skhynix,92200,93100,91200,91800,2165991
381,2022-10-21,skhynix,89800,91400,89700,90500,2206754
382,2022-10-20,skhynix,91000,91800,89000,90200,4547678
383,2022-10-19,skhynix,94700,94900,92700,92900,3684934
384,2022-10-18,skhynix,95900,96200,94600,95800,2618680
385,2022-10-17,skhynix,94600,95300,94000,95200,2134558
386,2022-10-14,skhynix,96000,96600,94300,95500,3516437
387,2022-10-13,skhynix,93400,94900,92800,94900,4390570
388,2022-10-12,skhynix,91000,94000,90900,94000,4648231
389,2022-10-11,skhynix,89700,91200,88000,90200,3840842
390,2022-10-07,skhynix,89600,91800,87800,91200,3100583
391,2022-10-06,skhynix,90900,92000,89800,89900,3039698
392,2022-10-05,skhynix,90000,90400,88100,89800,5927256
393,2022-10-04,skhynix,85200,87200,85200,86200,4277404
394,2022-09-30,skhynix,80900,83900,80400,83100,4711130
395,2022-09-29,skhynix,82500,82900,80500,80800,2064798
396,2022-09-28,skhynix,81900,83500,80500,81200,3068181
397,2022-09-27,skhynix,82200,82700,80700,82000,2606333
398,2022-09-26,skhynix,81500,83200,81500,82500,3281145
399,2022-09-23,skhynix,85500,86600,83300,83500,3932242
400,2022-09-22,skhynix,86300,86900,85900,86000,2204430
401,2022-09-21,skhynix,87500,88500,86300,88000,2954420
402,2022-09-20,skhynix,89000,90600,87500,88000,4259789
403,2022-09-19,skhynix,90800,91500,90000,90000,2078633
404,2022-09-16,skhynix,90900,91400,90000,91200,2243179
405,2022-09-15,skhynix,92900,93000,91500,92000,1755820
406,2022-09-14,skhynix,91700,93400,91300,93000,2444928
407,2022-09-13,skhynix,91700,95200,91700,94800,3288428
408,2022-09-08,skhynix,90500,91000,90000,90400,2012123
409,2022-09-07,skhynix,91100,91100,89900,90400,2053413
410,2022-09-06,skhynix,91900,92900,91100,91800,1389821
411,2022-09-05,skhynix,91800,92400,90400,91100,1706148
412,2022-09-02,skhynix,92700,93300,91600,91700,2036818
413,2022-09-01,skhynix,93900,93900,92300,92400,2337521
414,2022-08-31,skhynix,92600,95500,92100,95200,2421669
415,2022-08-30,skhynix,92700,93400,92400,93200,1595242
416,2022-08-29,skhynix,92700,93300,92000,92500,2619260
417,2022-08-26,skhynix,95400,96800,94700,95100,2301949
418,2022-08-25,skhynix,93600,94100,92100,94100,2189458
419,2022-08-24,skhynix,93900,94200,93000,93200,1447036
420,2022-08-23,skhynix,94100,95400,93600,93600,1932822
421,2022-08-22,skhynix,95200,95600,94000,95200,2293601
422,2022-08-19,skhynix,97000,97500,95900,96400,1890839
423,2022-08-18,skhynix,95900,96400,95300,95700,1889587
424,2022-08-17,skhynix,96800,97600,95900,97100,1764674
425,2022-08-16,skhynix,94500,97600,94400,96700,4267280
426,2022-08-12,skhynix,92800,94400,92600,93300,1910127
427,2022-08-11,skhynix,93500,94400,92600,93300,5206962
428,2022-08-10,skhynix,91800,93000,91800,91800,4356568
429,2022-08-09,skhynix,96000,96100,94500,95100,3152955
430,2022-08-08,skhynix,97700,97700,95800,96300,3206548
431,2022-08-05,skhynix,98100,98700,97400,98500,2052852
432,2022-08-04,skhynix,98000,98100,97100,97500,1960526
433,2022-08-03,skhynix,96900,97500,96100,97500,1703330
434,2022-08-02,skhynix,97200,97200,96200,96500,1916851
435,2022-08-01,skhynix,97200,98100,96500,97100,2007646
436,2022-07-29,skhynix,99900,100000,97400,97900,3899079
437,2022-07-28,skhynix,101000,101500,98900,99400,3359717
438,2022-07-27,skhynix,101000,101500,98600,100000,3159499
439,2022-07-26,skhynix,100500,101000,99100,100500,1636970
440,2022-07-25,skhynix,99100,101500,98900,100000,2185108
441,2022-07-22,skhynix,102500,102500,100000,100000,3126556
442,2022-07-21,skhynix,102000,103000,100500,102500,2143984
443,2022-07-20,skhynix,103000,104500,101000,102000,3981053
444,2022-07-19,skhynix,100000,100500,98700,100000,2709084
445,2022-07-18,skhynix,101000,103500,100000,101000,4564780
446,2022-07-15,skhynix,95900,99000,95500,98700,4457208
447,2022-07-14,skhynix,92800,95500,92300,94000,2550307
448,2022-07-13,skhynix,94600,96400,93800,94000,2721816
449,2022-07-12,skhynix,94000,94000,91700,93300,2385688
450,2022-07-11,skhynix,95000,95700,93500,93700,1885425
451,2022-07-08,skhynix,95900,96500,94500,94800,2814478
452,2022-07-07,skhynix,91300,95200,91300,93900,3330794
453,2022-07-06,skhynix,92800,93600,90900,92100,3981326
454,2022-07-05,skhynix,90400,93400,90400,92500,3560085
455,2022-07-04,skhynix,87500,89600,86300,89100,4331728
456,2022-07-01,skhynix,91000,92500,87100,87500,4959176
457,2022-06-30,skhynix,91500,93100,91000,91000,3098854
458,2022-06-29,skhynix,93300,94900,92900,94000,2529973
459,2022-06-28,skhynix,94500,95300,93700,95300,2022966
460,2022-06-27,skhynix,92700,96100,92600,95000,3408749
461,2022-06-24,skhynix,90500,92000,90500,91600,3045970
462,2022-06-23,skhynix,92100,93000,89700,90200,3983116
463,2022-06-22,skhynix,95700,95700,91700,92200,3509830
464,2022-06-21,skhynix,94700,95900,93900,95200,2707302
465,2022-06-20,skhynix,96700,96800,93100,94500,2386222
466,2022-06-17,skhynix,95100,96400,95000,96400,3965464
467,2022-06-16,skhynix,99900,101500,97100,97400,3810703
468,2022-06-15,skhynix,98500,98900,96700,97900,2578500
469,2022-06-14,skhynix,96900,99600,96800,99100,3242550
470,2022-06-13,skhynix,100000,101000,99000,99000,4133447
471,2022-06-10,skhynix,104000,104500,102500,103500,3480289
472,2022-06-09,skhynix,105500,107000,104500,105500,4640744
473,2022-06-08,skhynix,104500,107500,104500,106000,3075530
474,2022-06-07,skhynix,105500,106000,103500,104000,3174521
475,2022-06-03,skhynix,108000,108500,107000,107000,1638006
476,2022-06-02,skhynix,106000,107500,106000,107000,3097583
477,2022-05-31,skhynix,106500,108000,105500,108000,4024509
478,2022-05-30,skhynix,108000,108000,106000,107000,2054526
479,2022-05-27,skhynix,105500,107000,105000,106000,3686487
480,2022-05-26,skhynix,107500,108500,101500,103000,8523001
481,2022-05-25,skhynix,109500,110000,107000,108000,4151560
482,2022-05-24,skhynix,111500,112000,108500,108500,4491835
483,2022-05-23,skhynix,113000,113500,111000,113000,3160028
484,2022-05-20,skhynix,111500,113000,111000,112500,2398978
485,2022-05-19,skhynix,110500,112500,110000,111000,3680049
486,2022-05-18,skhynix,114000,115000,113000,113500,3570113
487,2022-05-17,skhynix,111000,113000,110500,112500,2056143
488,2022-05-16,skhynix,113500,114000,110000,110500,3930044
489,2022-05-13,skhynix,109000,112500,109000,112500,4003349
490,2022-05-12,skhynix,109500,111500,108500,109000,4132948
491,2022-05-11,skhynix,110500,112500,108000,110500,3658168
492,2022-05-10,skhynix,107000,111000,107000,110000,4141923
493,2022-05-09,skhynix,107000,109000,106500,107500,2203472
494,2022-05-06,skhynix,108000,108500,106500,107500,2566813
495,2022-05-04,skhynix,110500,111000,108500,109500,2491890
496,2022-05-03,skhynix,111000,112000,109500,110000,2676115
497,2022-05-02,skhynix,110000,111500,110000,110500,2175384
498,2022-04-29,skhynix,110000,112500,109500,112500,3752415
499,2022-04-28,skhynix,109500,110000,108000,109500,2804966
500,2022-04-27,skhynix,108000,109500,107500,108500,3261290
501,2022-04-26,skhynix,109500,111000,108000,111000,2969516
502,2022-04-25,skhynix,109000,109500,108000,108000,2282343
503,2022-04-22,skhynix,110500,112000,110500,110500,2360834
504,2022-04-21,skhynix,112500,115000,112500,113000,3199858
505,2022-04-20,skhynix,112500,113000,111000,112500,2905007
506,2022-04-19,skhynix,110000,112500,109500,112500,3021192
507,2022-04-18,skhynix,107000,109500,106500,109000,2670439
508,2022-04-15,skhynix,108000,108500,107000,108000,3694012
509,2022-04-14,skhynix,113000,113000,110000,110000,4715700
510,2022-04-13,skhynix,112000,113000,111000,113000,2484490
511,2022-04-12,skhynix,110500,113000,110500,111000,2738163
512,2022-04-11,skhynix,111000,113000,110500,111500,2390786
513,2022-04-08,skhynix,113000,114000,110500,112000,4268316
514,2022-04-07,skhynix,111500,114500,110500,113500,5027865
515,2022-04-06,skhynix,114500,115500,113000,113000,4541938
516,2022-04-05,skhynix,117500,118000,116000,116500,2101474
517,2022-04-04,skhynix,115000,117500,114500,117000,2470792
518,2022-04-01,skhynix,117000,117500,116000,116000,3851558
519,2022-03-31,skhynix,119500,120000,117500,118000,4558063
520,2022-03-30,skhynix,123000,123000,120500,121000,3436282
521,2022-03-29,skhynix,119500,120500,118500,120000,3375247
522,2022-03-28,skhynix,117500,119500,116500,118000,3234792
523,2022-03-25,skhynix,122000,123000,118000,118000,5514940
524,2022-03-24,skhynix,121000,122000,119500,120500,4215272
525,2022-03-23,skhynix,124000,124500,122000,123500,4085633
526,2022-03-22,skhynix,121000,124000,121000,123500,2246439
527,2022-03-21,skhynix,124000,124500,121000,122000,3433809
528,2022-03-18,skhynix,124000,125000,121000,124000,4493159
529,2022-03-17,skhynix,121000,124500,121000,124000,7219813
530,2022-03-16,skhynix,115000,117000,114000,116500,3739977
531,2022-03-15,skhynix,114500,115500,112000,112500,3578256
532,2022-03-14,skhynix,115500,117000,114500,116000,3172353
533,2022-03-11,skhynix,118500,119000,115500,117000,3087532
534,2022-03-10,skhynix,121000,121500,118500,120000,3912683
535,2022-03-08,skhynix,117000,119500,116500,118000,3619045
536,2022-03-07,skhynix,119000,121000,119000,119500,5203286
537,2022-03-04,skhynix,127500,128000,124000,124500,3249773
538,2022-03-03,skhynix,128000,129500,127000,129000,3088097
539,2022-03-02,skhynix,124500,126500,123000,125000,2903340
540,2022-02-28,skhynix,123000,123500,121000,123500,3224264
541,2022-02-25,skhynix,125500,126000,122500,123000,3309625
542,2022-02-24,skhynix,125500,126000,122000,122500,5748069
543,2022-02-23,skhynix,130000,130500,127000,128500,2752112
544,2022-02-22,skhynix,127000,129500,126000,128500,3179806
545,2022-02-21,skhynix,129000,130500,127000,130000,4048108
546,2022-02-18,skhynix,131500,133000,129500,131500,3108887
547,2022-02-17,skhynix,130500,134000,130000,133000,5433402
548,2022-02-16,skhynix,131000,132500,130000,130500,3499809
549,2022-02-15,skhynix,131500,132000,127000,127000,5097120
550,2022-02-14,skhynix,130000,132500,129500,132500,4962205
551,2022-02-11,skhynix,130500,132500,130000,132000,6057207
552,2022-02-10,skhynix,129000,131000,127000,129500,7269729
553,2022-02-09,skhynix,127000,128000,124500,126000,4339337
554,2022-02-08,skhynix,124500,126000,123500,125000,4054097
555,2022-02-07,skhynix,123000,123500,119500,123000,4804261
556,2022-02-04,skhynix,125500,127000,124000,124500,3037097
557,2022-02-03,skhynix,124500,127000,124000,124000,5171178
558,2022-01-28,skhynix,115000,121500,114500,120500,4776510
559,2022-01-27,skhynix,119500,119500,111000,113500,6679404
560,2022-01-26,skhynix,119000,119500,117500,117500,3416240
561,2022-01-25,skhynix,118000,120000,116500,118000,5702595
562,2022-01-24,skhynix,116500,120500,116500,119000,4883822
563,2022-01-21,skhynix,121500,122500,118000,119000,6465040
564,2022-01-20,skhynix,126000,126500,123500,125000,5441986
565,2022-01-19,skhynix,123500,128500,123500,127000,4094609
566,2022-01-18,skhynix,126500,127500,125000,126500,3607850
567,2022-01-17,skhynix,127500,128000,124500,127000,3730393
568,2022-01-14,skhynix,128500,129000,126000,128500,3769648
569,2022-01-13,skhynix,128500,130000,128000,129500,4155984
570,2022-01-12,skhynix,129500,130000,126500,128500,3552174
571,2022-01-11,skhynix,125500,128500,124500,128000,3958787
572,2022-01-10,skhynix,126500,127000,123000,124500,3449197
573,2022-01-07,skhynix,127000,129000,126500,127000,3270119
574,2022-01-06,skhynix,123500,127000,123000,125000,3725569
575,2022-01-05,skhynix,129000,129000,121500,125500,7414954
576,2022-01-04,skhynix,129500,130000,127500,128500,3622369
577,2022-01-03,skhynix,132000,132500,128000,128500,3782213
578,2021-12-30,skhynix,131000,133500,130000,131000,5172987
579,2021-12-29,skhynix,127500,128500,125500,127000,3832154
580,2021-12-28,skhynix,126500,128000,124500,127500,4086063
581,2021-12-27,skhynix,128500,129000,126000,126000,2684135
582,2021-12-24,skhynix,129000,130000,128000,128000,2462683
583,2021-12-23,skhynix,129000,129000,126500,127500,2398358
584,2021-12-22,skhynix,127500,128500,126000,127000,3817689
585,2021-12-21,skhynix,124000,124500,122500,124500,3678590
586,2021-12-20,skhynix,121500,123500,120500,120500,2846815
587,2021-12-17,skhynix,120500,123000,120500,122000,3850444
588,2021-12-16,skhynix,125000,125500,122500,124000,3869086
589,2021-12-15,skhynix,120000,123500,120000,123500,2681332
590,2021-12-14,skhynix,120500,123000,120000,121000,2201003
591,2021-12-13,skhynix,121000,124000,121000,121500,3329176
592,2021-12-10,skhynix,120500,121500,119500,120500,2512642
593,2021-12-09,skhynix,120500,123500,119000,123500,5631833
594,2021-12-08,skhynix,124000,125000,119500,120000,6168137
595,2021-12-07,skhynix,119000,122500,118000,121500,5112025
596,2021-12-06,skhynix,116000,119000,115500,118500,4318893
597,2021-12-03,skhynix,119000,119500,115500,118000,4567843
598,2021-12-02,skhynix,115500,120500,115000,120000,6980518
599,2021-12-01,skhynix,114500,117500,112000,116500,4214135
600,2021-11-30,skhynix,118000,119000,112500,114000,7449608
601,2021-11-29,skhynix,113000,118500,113000,116000,4412863
602,2021-11-26,skhynix,116500,118500,113000,115500,4337936
603,2021-11-25,skhynix,120500,121000,117000,117500,3339835
604,2021-11-24,skhynix,120500,122500,118000,119500,4001111
605,2021-11-23,skhynix,119500,121000,117500,119000,4847270
606,2021-11-22,skhynix,116500,121000,116000,119500,9786492
607,2021-11-19,skhynix,110000,112500,110000,111500,2324668
608,2021-11-18,skhynix,110000,111000,109000,110000,1928891
609,2021-11-17,skhynix,113000,113000,110000,110500,3062491
610,2021-11-16,skhynix,111000,113000,109000,112000,3767311
611,2021-11-15,skhynix,108500,111500,108000,111000,4701568
612,2021-11-12,skhynix,109000,109500,105500,106500,1786165
613,2021-11-11,skhynix,107500,108000,105500,107500,2731498
614,2021-11-10,skhynix,108500,109500,107500,108500,2361295
615,2021-11-09,skhynix,108000,110000,107500,109000,3440686
616,2021-11-08,skhynix,107000,108000,104000,107500,2212348
617,2021-11-05,skhynix,108000,108500,105500,107000,2523345
618,2021-11-04,skhynix,107000,108000,105500,106000,2059242
619,2021-11-03,skhynix,108500,109000,104500,105500,3116506
620,2021-11-02,skhynix,107000,108500,106500,107500,2892292
621,2021-11-01,skhynix,103500,107000,102500,106500,3118661
622,2021-10-29,skhynix,107000,108500,103000,103000,4007223
623,2021-10-28,skhynix,102000,107500,101500,106500,6329703
624,2021-10-27,skhynix,103000,104000,101500,101500,2859255
625,2021-10-26,skhynix,101500,103500,101000,102000,3458645
626,2021-10-25,skhynix,99500,101500,98300,100000,2950459
627,2021-10-22,skhynix,95500,99200,95500,98500,1962833
628,2021-10-21,skhynix,97300,98300,96100,96300,2152221
629,2021-10-20,skhynix,98200,98600,97200,97900,2010529
630,2021-10-19,skhynix,98600,98600,97100,97700,1400175
631,2021-10-18,skhynix,98300,98300,96700,97100,2111399
632,2021-10-15,skhynix,96000,98500,95700,98400,4229748
633,2021-10-14,skhynix,92400,94500,92100,93800,2414639
634,2021-10-13,skhynix,90900,93500,90500,92000,3045438
635,2021-10-12,skhynix,92400,92900,90800,91500,4728215
636,2021-10-08,skhynix,96200,96300,93500,94000,4098832
637,2021-10-07,skhynix,96300,96800,95000,95700,3834957
638,2021-10-06,skhynix,98400,98700,95800,96500,2816951
639,2021-10-05,skhynix,98900,99500,97200,97900,3244145
640,2021-10-01,skhynix,102000,102500,100000,100000,2681124
641,2021-09-30,skhynix,99900,103500,99600,103000,3910557
642,2021-09-29,skhynix,101000,102000,99700,100000,6353977
643,2021-09-28,skhynix,105000,105500,103000,103500,2951945
644,2021-09-27,skhynix,104000,105500,103500,104500,1839358
645,2021-09-24,skhynix,106000,106500,104000,104000,2236954
646,2021-09-23,skhynix,105500,107000,105000,105500,2493313
647,2021-09-17,skhynix,104500,107500,104000,107000,3386517
648,2021-09-16,skhynix,107000,107500,104000,104000,3602821
649,2021-09-15,skhynix,107500,107500,105500,107500,2933797
650,2021-09-14,skhynix,107500,108500,106500,107500,2463248
651,2021-09-13,skhynix,105000,107000,104000,106500,1923344
652,2021-09-10,skhynix,103500,105500,103000,105000,1999369
653,2021-09-09,skhynix,105000,106000,103000,103000,3233011
654,2021-09-08,skhynix,104000,107500,103500,106000,2891267
655,2021-09-07,skhynix,105500,106000,104000,104500,2547667
656,2021-09-06,skhynix,106500,107000,105000,106000,1888595
657,2021-09-03,skhynix,106500,107500,106000,107000,2513486
658,2021-09-02,skhynix,108000,108500,106000,106500,2724565
659,2021-09-01,skhynix,106000,108000,104500,108000,4736183
660,2021-08-31,skhynix,103500,106500,102000,106500,4979276
661,2021-08-30,skhynix,105000,105500,103500,103500,1815758
662,2021-08-27,skhynix,103500,104500,101000,103500,3507782
663,2021-08-26,skhynix,106000,106500,103500,104000,3694741
664,2021-08-25,skhynix,106000,106000,102500,103500,3194555
665,2021-08-24,skhynix,104500,105500,104000,105000,4454743
666,2021-08-23,skhynix,104500,105000,103000,103000,4515699
667,2021-08-20,skhynix,104000,104500,102000,102500,4719139
668,2021-08-19,skhynix,103000,105500,101500,102500,6161038
669,2021-08-18,skhynix,103000,105500,101500,104000,8047599
670,2021-08-17,skhynix,101000,103500,100500,101500,7851717
671,2021-08-13,skhynix,99600,101500,98900,101500,11622957
672,2021-08-12,skhynix,102000,104000,99800,100500,19150648
673,2021-08-11,skhynix,109000,110000,105000,105500,13715267
674,2021-08-10,skhynix,115000,115500,112000,112500,5420223
675,2021-08-09,skhynix,117500,118000,116000,116000,2755724
676,2021-08-06,skhynix,119000,119500,117500,118000,2209875
677,2021-08-05,skhynix,121000,121500,118000,120000,3491584
678,2021-08-04,skhynix,122000,123000,120500,121000,4162635
679,2021-08-03,skhynix,118000,120500,117000,120000,4396423
680,2021-08-02,skhynix,113500,117000,113000,116000,4276730
681,2021-07-30,skhynix,114000,114000,112500,112500,2888566
682,2021-07-29,skhynix,115000,115500,113000,114000,3054699
683,2021-07-28,skhynix,115000,115500,112500,114000,6033084
684,2021-07-27,skhynix,118000,119000,116000,116000,2916330
685,2021-07-26,skhynix,119500,120000,117000,117000,1836657
686,2021-07-23,skhynix,118500,119000,117500,118500,1747651
687,2021-07-22,skhynix,118000,120000,118000,119500,1919233
688,2021-07-21,skhynix,119500,120000,116500,117000,2864601
689,2021-07-20,skhynix,117500,119500,117500,118500,2070074
690,2021-07-19,skhynix,119000,120000,118500,119000,2066638
691,2021-07-16,skhynix,122000,122500,120500,121500,2905546
692,2021-07-15,skhynix,123500,124000,122500,123500,1500981
693,2021-07-14,skhynix,122500,124000,121500,123500,2443087
694,2021-07-13,skhynix,121000,123500,121000,123000,2879072
695,2021-07-12,skhynix,121000,122000,119500,120000,2477201
696,2021-07-09,skhynix,120500,120500,118000,119500,4823577
697,2021-07-08,skhynix,123500,123500,121000,121500,3165552
698,2021-07-07,skhynix,125000,125500,122500,123500,2229140
699,2021-07-06,skhynix,124000,126000,123500,125000,2067135
700,2021-07-05,skhynix,123500,124500,122500,123000,1632551
701,2021-07-02,skhynix,122500,123500,121500,122500,3983921
702,2021-07-01,skhynix,127500,128000,124000,124500,3336174
703,2021-06-30,skhynix,126500,129500,126000,127500,4346027
704,2021-06-29,skhynix,127500,128000,125000,125000,2211572
705,2021-06-28,skhynix,129000,129500,126000,126000,2402730
706,2021-06-25,skhynix,128000,129000,127500,128500,2531018
707,2021-06-24,skhynix,124000,126500,123500,126000,2646407
708,2021-06-23,skhynix,122500,124500,122000,124000,2703658
709,2021-06-22,skhynix,122500,123500,122000,122000,2179712
710,2021-06-21,skhynix,121000,123000,120500,122000,3275288
711,2021-06-18,skhynix,127500,127500,124500,124500,2506112
712,2021-06-17,skhynix,127000,128000,126000,126500,2123793
713,2021-06-16,skhynix,128000,129500,127000,129500,1893752
714,2021-06-15,skhynix,128500,129500,128000,128500,1975082
715,2021-06-14,skhynix,127000,127500,125500,127000,2022730
716,2021-06-11,skhynix,124500,128500,124000,128000,4868608
717,2021-06-10,skhynix,122500,124000,120500,123000,4533076
718,2021-06-09,skhynix,125500,126000,122500,122500,6087592
719,2021-06-08,skhynix,127000,127500,125000,127500,4194955
720,2021-06-07,skhynix,129500,130000,128000,128500,2562918
721,2021-06-04,skhynix,127500,129000,126500,128500,2555891
722,2021-06-03,skhynix,127000,130000,126500,129000,3353993
723,2021-06-02,skhynix,128500,129000,125500,126000,2885654
724,2021-06-01,skhynix,127000,129000,126000,128500,2819179
725,2021-05-31,skhynix,126000,127000,124000,127000,2448074
726,2021-05-28,skhynix,126500,126500,124000,125000,2332971
727,2021-05-27,skhynix,124500,126000,123000,125500,4539067
728,2021-05-26,skhynix,124000,124500,122000,123000,3015522
729,2021-05-25,skhynix,121500,123000,120500,123000,3258364
730,2021-05-24,skhynix,122000,122500,119000,119500,3188734
731,2021-05-21,skhynix,124500,125500,121000,122500,4062695
732,2021-05-20,skhynix,121000,124000,119500,122500,4600751
733,2021-05-18,skhynix,117500,122000,117500,121000,3470048
734,2021-05-17,skhynix,120000,120000,117000,117500,3110127
735,2021-05-14,skhynix,118500,120000,118000,118500,3227201
736,2021-05-13,skhynix,116000,118500,115500,117500,6042025
737,2021-05-12,skhynix,123000,123500,119000,119500,8272196
738,2021-05-11,skhynix,127000,127500,122000,123000,9882491
739,2021-05-10,skhynix,131000,131000,128500,130000,3067077
740,2021-05-07,skhynix,128000,131000,127000,129500,3450323
741,2021-05-06,skhynix,130000,130500,128000,129000,4211535
742,2021-05-04,skhynix,130500,132000,129000,132000,2547004
743,2021-05-03,skhynix,127500,132500,127000,131500,4085398
744,2021-04-30,skhynix,130000,130500,126500,128000,3955947
745,2021-04-29,skhynix,132000,133000,129000,130000,3738266
746,2021-04-28,skhynix,134500,135000,130000,130000,5596760
747,2021-04-27,skhynix,133000,136000,132500,135000,3394650
748,2021-04-26,skhynix,132500,132500,130500,131500,2904879
749,2021-04-23,skhynix,130500,132500,128500,132500,4854412
750,2021-04-22,skhynix,134500,135500,133000,133000,3007457
751,2021-04-21,skhynix,138000,138000,132000,132500,5120577
752,2021-04-20,skhynix,136500,138500,136500,138500,2167732
753,2021-04-19,skhynix,138000,139000,137000,138000,1906782
754,2021-04-16,skhynix,138500,139000,137500,137500,1982877
755,2021-04-15,skhynix,136000,139000,136000,137500,2291160
756,2021-04-14,skhynix,139000,139000,136500,137000,2777203
757,2021-04-13,skhynix,136000,140000,135500,139500,2876178
758,2021-04-12,skhynix,140500,140500,136000,137500,3878457
759,2021-04-09,skhynix,144000,145000,139500,140000,3276077
760,2021-04-08,skhynix,143500,146000,142500,144000,3774932
761,2021-04-07,skhynix,146000,146000,142500,143500,2424687
762,2021-04-06,skhynix,147000,147000,141500,143000,3753217
763,2021-04-05,skhynix,142000,144500,141000,143000,2616440
764,2021-04-02,skhynix,142000,143000,140000,141000,3432245
765,2021-04-01,skhynix,138000,140500,136500,140500,5833436
766,2021-03-31,skhynix,134500,135000,132000,132500,3309680
767,2021-03-30,skhynix,133000,135500,132000,134500,3304184
768,2021-03-29,skhynix,135500,135500,131500,132000,3575226
769,2021-03-26,skhynix,134000,135000,132000,135000,3835443
770,2021-03-25,skhynix,133000,134500,130500,133000,4157799
771,2021-03-24,skhynix,133000,134500,131500,133500,3894080
772,2021-03-23,skhynix,139000,139500,134000,135000,3839090
773,2021-03-22,skhynix,138500,140000,137000,138000,2727719
774,2021-03-19,skhynix,138000,139500,137000,138000,4015627
775,2021-03-18,skhynix,142500,145000,141000,142000,4426840
776,2021-03-17,skhynix,141000,141000,138500,140000,2588319
777,2021-03-16,skhynix,138500,140500,138000,140500,3304561
778,2021-03-15,skhynix,141500,142000,136000,136500,4289990
779,2021-03-12,skhynix,140500,142500,139500,140000,4548695
780,2021-03-11,skhynix,134500,139000,134000,137000,6707671
781,2021-03-10,skhynix,140500,140500,132500,133000,5614476
782,2021-03-09,skhynix,134000,137500,130500,136500,7822152
783,2021-03-08,skhynix,143000,143000,135500,135500,5587787
784,2021-03-05,skhynix,138000,141500,136500,140000,6091444
785,2021-03-04,skhynix,143000,145500,139500,142000,6586562
786,2021-03-03,skhynix,142500,147000,139500,147000,5827221
787,2021-03-02,skhynix,149000,150500,141000,144500,9376523
788,2021-02-26,skhynix,143500,145000,138000,141500,10843268
789,2021-02-25,skhynix,141000,149500,140000,148500,9936495
790,2021-02-24,skhynix,137500,143500,134000,136000,9074809
791,2021-02-23,skhynix,133500,140000,131500,138500,6400037
792,2021-02-22,skhynix,136000,139500,135000,136500,7961516
793,2021-02-19,skhynix,129000,133000,128500,133000,6986526
794,2021-02-18,skhynix,128500,130000,125500,126000,3792425
795,2021-02-17,skhynix,131000,131000,128000,130000,3621178
796,2021-02-16,skhynix,132500,134000,130500,132500,3218689
797,2021-02-15,skhynix,130000,132500,130000,132000,5384526
798,2021-02-10,skhynix,125500,127000,124500,126000,4262526
799,2021-02-09,skhynix,127500,130000,125000,125500,5177095
800,2021-02-08,skhynix,127500,128000,125000,125000,2876471
801,2021-02-05,skhynix,126500,128000,124500,127500,3497303
802,2021-02-04,skhynix,127500,128500,124000,125000,4600618
803,2021-02-03,skhynix,131000,131500,128500,130000,3693688
804,2021-02-02,skhynix,128500,132500,127000,130000,4880067
805,2021-02-01,skhynix,121000,126000,118000,125000,5620305
806,2021-01-29,skhynix,128500,128500,121500,122500,7391307
807,2021-01-28,skhynix,124000,125500,121500,123000,6270829
808,2021-01-27,skhynix,129500,132000,127500,128500,5068456
809,2021-01-26,skhynix,134000,134000,128500,129000,6270106
810,2021-01-25,skhynix,130000,135000,129500,135000,5061864
811,2021-01-22,skhynix,131500,132000,128500,128500,3927767
812,2021-01-21,skhynix,131500,133000,130000,131500,3067677
813,2021-01-20,skhynix,134000,135000,130000,130500,4913282
814,2021-01-19,skhynix,131000,132000,128500,130500,4513315
815,2021-01-18,skhynix,126000,131000,125000,130000,5927419
816,2021-01-15,skhynix,133000,135000,127000,127500,4838114
817,2021-01-14,skhynix,132500,133000,129000,130500,5380278
818,2021-01-13,skhynix,129000,133500,128500,133000,6791044
819,2021-01-12,skhynix,132000,133500,125500,129000,8700877
820,2021-01-11,skhynix,138000,140000,131000,133000,11154671
821,2021-01-08,skhynix,136000,138000,132500,138000,8713010
822,2021-01-07,skhynix,132500,137500,131500,134500,5981299
823,2021-01-06,skhynix,132500,137000,130000,131000,8525749
824,2021-01-05,skhynix,124500,132500,124000,130500,7180224
825,2021-01-04,skhynix,124500,128000,120500,126000,7995016
