,날짜,회사명,시가($),최고가($),최저가($),종가($),거래량
0,2024-05-09,nvidia,905.2900,910.7200,882.3100,887.4700,37801268
1,2024-05-08,nvidia,894.8250,911.9400,894.2000,904.1200,32572102
2,2024-05-07,nvidia,910.9800,917.8099,890.1100,905.5400,43734161
3,2024-05-06,nvidia,893.9000,922.2000,890.5500,921.4000,37620255
4,2024-05-03,nvidia,877.8900,892.8100,870.4000,887.8900,39834072
5,2024-05-02,nvidia,844.4900,862.3700,832.0000,858.1700,37789754
6,2024-05-01,nvidia,850.7700,860.0000,812.5456,830.4100,55986317
7,2024-04-30,nvidia,872.4000,888.1900,863.0000,864.0200,36370870
8,2024-04-29,nvidia,875.9500,879.9200,852.6600,877.5700,38897076
9,2024-04-26,nvidia,838.1800,883.3093,833.8700,877.3500,55101078
10,2024-04-25,nvidia,788.6801,833.2299,782.2300,826.3200,42464073
11,2024-04-24,nvidia,839.5000,840.8200,791.8300,796.7700,51220753
12,2024-04-23,nvidia,807.6900,827.6900,802.6400,824.2300,43855937
13,2024-04-22,nvidia,781.0400,800.7300,764.0000,795.1800,59634051
14,2024-04-19,nvidia,831.5000,843.2400,756.0600,762.0000,87519800
15,2024-04-18,nvidia,849.7000,861.8999,824.0200,846.7100,44726034
16,2024-04-17,nvidia,883.4000,887.7500,839.5000,840.3500,49539951
17,2024-04-16,nvidia,864.3250,881.1800,860.6390,874.1500,37045302
18,2024-04-15,nvidia,890.9800,906.1300,859.2901,860.0100,44307695
19,2024-04-12,nvidia,896.9900,901.7499,875.3000,881.8600,42680479
20,2024-04-11,nvidia,874.2000,907.3899,869.2600,906.1600,43163727
21,2024-04-10,nvidia,839.2600,874.0000,837.0900,870.3900,43192853
22,2024-04-09,nvidia,874.4200,876.3500,830.2200,853.5400,50354735
23,2024-04-08,nvidia,887.0000,888.3000,867.3200,871.3300,28322000
24,2024-04-05,nvidia,868.6600,884.8100,859.2600,880.0800,39967846
25,2024-04-04,nvidia,904.0600,906.3399,858.8000,859.0500,43496492
26,2024-04-03,nvidia,884.8400,903.7400,884.0000,889.6400,37006655
27,2024-04-02,nvidia,884.4800,900.9400,876.2000,894.5200,43306355
28,2024-04-01,nvidia,902.9900,922.2500,892.0400,903.6300,45244149
29,2024-03-28,nvidia,900.0000,913.0000,891.9300,903.5600,43521227
30,2024-03-27,nvidia,931.1200,932.4000,891.2300,902.5000,58606723
31,2024-03-26,nvidia,958.5100,963.7500,925.0200,925.6100,51364758
32,2024-03-25,nvidia,939.4100,967.6599,935.1000,950.0200,55213608
33,2024-03-22,nvidia,911.4100,947.7799,908.3401,942.8900,58671936
34,2024-03-21,nvidia,923.0000,926.4800,904.0500,914.3500,48037231
35,2024-03-20,nvidia,897.9700,904.1000,882.2300,903.7200,47906279
36,2024-03-19,nvidia,867.0000,905.4400,850.1000,893.9800,67217127
37,2024-03-18,nvidia,903.8800,924.0500,870.8500,884.5500,66897593
38,2024-03-15,nvidia,869.3000,895.4600,862.5700,878.3650,64208616
39,2024-03-14,nvidia,895.7700,906.4600,866.0000,879.4400,60231816
40,2024-03-13,nvidia,910.5500,915.0400,884.3500,908.8800,63571289
41,2024-03-12,nvidia,880.4900,919.6000,861.5010,919.1300,66807515
42,2024-03-11,nvidia,864.2900,887.9700,841.6600,857.7400,67836412
43,2024-03-08,nvidia,951.3790,974.0000,865.0600,875.2800,114226906
44,2024-03-07,nvidia,901.5800,927.6700,896.0201,926.6900,60811916
45,2024-03-06,nvidia,880.2200,897.2400,870.3001,887.0000,58252030
46,2024-03-05,nvidia,852.7000,860.9700,834.1701,859.6400,52063930
47,2024-03-04,nvidia,841.2605,876.9088,837.1507,852.3299,61561645
48,2024-03-01,nvidia,799.9624,822.9613,794.3130,822.7513,47913510
49,2024-02-29,nvidia,790.9028,799.8624,783.4632,791.0828,50728898
50,2024-02-28,nvidia,776.1635,789.2929,771.2138,776.5935,39311040
51,2024-02-27,nvidia,793.7727,794.7626,771.5837,786.9730,39170524
52,2024-02-26,nvidia,796.9625,806.4220,785.0131,790.8828,50397273
53,2024-02-23,nvidia,807.8620,823.9013,775.6635,788.1330,82938837
54,2024-02-22,nvidia,750.2147,785.7131,742.1651,785.3431,86509974
55,2024-02-21,nvidia,680.0280,688.8476,662.4489,674.6883,69029813
56,2024-02-20,nvidia,719.4362,719.5262,677.3082,694.4874,70483310
57,2024-02-16,nvidia,740.9652,743.9850,724.9759,726.0959,49532662
58,2024-02-15,nvidia,738.6553,739.7152,723.9660,726.5459,42012181
59,2024-02-14,nvidia,731.9856,742.3251,719.3462,738.9653,50491742
60,2024-02-13,nvidia,703.9669,734.4655,696.1673,721.2461,60258015
61,2024-02-12,nvidia,725.9659,746.0749,712.4665,722.4460,61371018
62,2024-02-09,nvidia,705.2968,721.8161,702.0870,721.2961,43663689
63,2024-02-08,nvidia,700.7071,707.9067,694.5174,696.3773,41442211
64,2024-02-07,nvidia,683.1579,702.1670,675.9682,700.9571,49557455
65,2024-02-06,nvidia,696.2673,697.5071,662.9688,682.1979,68311136
66,2024-02-05,nvidia,682.2179,694.9373,672.0184,693.2874,68007801
67,2024-02-02,nvidia,639.7099,665.9687,636.8701,661.5689,47657765
68,2024-02-01,nvidia,620.9708,631.8803,616.4710,630.2404,36914579
69,2024-01-31,nvidia,614.3711,622.6609,606.9715,615.2411,45379487
70,2024-01-30,nvidia,628.9704,634.9002,622.5707,627.7105,41073530
71,2024-01-29,nvidia,612.2912,624.8606,609.0414,624.6206,34873298
72,2024-01-26,nvidia,609.5713,617.8010,605.7015,610.2813,39030859
73,2024-01-25,nvidia,623.4707,627.1605,608.4714,616.1410,48277684
74,2024-01-24,nvidia,603.0117,628.4605,599.3518,613.5912,56027076
75,2024-01-23,nvidia,595.6720,599.0718,585.8225,598.7019,29465445
76,2024-01-22,nvidia,600.4618,603.2816,590.6722,596.5120,45295463
77,2024-01-19,nvidia,579.8627,594.9720,572.2231,594.8820,54350148
78,2024-01-18,nvidia,572.5731,575.9729,561.0436,571.0432,49165036
79,2024-01-17,nvidia,563.4435,564.6803,547.3743,560.5037,47439444
80,2024-01-16,nvidia,550.1541,568.3232,548.9742,563.7935,44957973
81,2024-01-12,nvidia,546.1743,549.6742,543.2753,547.0743,35299360
82,2024-01-11,nvidia,549.9642,553.4340,535.5748,548.1942,59675877
83,2024-01-10,nvidia,536.1348,545.9743,534.8649,543.4745,53379576
84,2024-01-09,nvidia,523.9854,543.2245,516.8757,531.3750,77310006
85,2024-01-08,nvidia,495.0967,522.7254,494.7667,522.5054,64250990
86,2024-01-05,nvidia,484.5972,495.4467,483.0374,490.9469,41503927
87,2024-01-04,nvidia,477.6475,484.9772,475.0577,479.9574,30653489
88,2024-01-03,nvidia,474.8277,481.8184,473.1778,475.6676,32089617
89,2024-01-02,nvidia,492.4169,492.9268,475.9276,481.6574,41125422
90,2023-12-29,nvidia,498.1066,499.9465,487.4871,495.1967,38929330
91,2023-12-28,nvidia,496.4067,498.8165,494.0968,495.1967,24658748
92,2023-12-27,nvidia,495.0867,496.7767,490.8269,494.1468,23364798
93,2023-12-26,nvidia,489.6570,495.9767,489.5770,492.7668,24419952
94,2023-12-22,nvidia,491.9269,493.8068,484.6472,488.2770,25250676
95,2023-12-21,nvidia,488.0871,490.9269,484.1672,489.8770,30042535
96,2023-12-20,nvidia,496.5267,499.9665,480.9574,481.0874,39789439
97,2023-12-19,nvidia,494.2168,496.9766,488.9270,496.0167,46444446
98,2023-12-18,nvidia,493.9768,504.3062,491.4769,500.7465,41258717
99,2023-12-15,nvidia,481.9173,494.0168,481.1774,488.8770,47994758
100,2023-12-14,nvidia,483.8773,486.6771,474.1977,483.4773,39123174
101,2023-12-13,nvidia,476.2676,485.9172,476.0576,480.8574,44779186
102,2023-12-12,nvidia,460.4384,476.6376,460.4384,476.5476,37238686
103,2023-12-11,nvidia,474.8877,475.2877,458.2785,466.2481,50972809
104,2023-12-08,nvidia,465.9281,477.3861,465.4781,475.0377,35922370
105,2023-12-07,nvidia,456.9785,466.2681,456.0186,465.9381,35082255
106,2023-12-06,nvidia,472.1228,473.8477,454.0987,455.0086,38058955
107,2023-12-05,nvidia,454.6386,465.9781,452.6887,465.6381,37171762
108,2023-12-04,nvidia,460.7078,460.7078,450.0392,455.0386,43754344
109,2023-12-01,nvidia,465.1872,471.9363,461.8076,467.5869,36931701
110,2023-11-30,nvidia,480.1752,481.0351,464.1573,467.6369,52624663
111,2023-11-29,nvidia,483.7247,487.5542,478.5354,481.3350,38200465
112,2023-11-28,nvidia,482.2949,483.1638,474.6659,478.1454,40149085
113,2023-11-27,nvidia,477.9355,485.2345,476.4557,482.3549,39566190
114,2023-11-24,nvidia,484.6347,489.1440,477.3855,477.6955,29464464
115,2023-11-22,nvidia,498.4527,503.2814,476.8356,487.0942,90064233
116,2023-11-21,nvidia,501.1923,505.1018,492.1536,499.3726,56574687
117,2023-11-20,nvidia,493.0534,505.4118,491.7437,504.0219,41614260
118,2023-11-17,nvidia,495.1731,497.1029,490.0038,492.9134,32589691
119,2023-11-16,nvidia,486.7243,495.1800,483.2348,494.7332,33975624
120,2023-11-15,nvidia,499.2826,499.5326,481.9349,488.8140,47549735
121,2023-11-14,nvidia,496.7329,498.2727,490.3339,496.4930,41695387
122,2023-11-13,nvidia,483.1348,491.0937,480.9252,486.1344,38413570
123,2023-11-10,nvidia,474.9359,484.6546,472.7663,483.2847,42244156
124,2023-11-09,nvidia,474.6059,482.2349,467.4369,469.4366,54049597
125,2023-11-08,nvidia,460.9378,468.6067,459.6179,465.6771,34671894
126,2023-11-07,nvidia,457.1283,462.1176,451.5140,459.4880,34316547
127,2023-11-06,nvidia,452.7839,459.2880,448.9294,457.4482,40073335
128,2023-11-03,nvidia,440.1406,453.0287,437.1710,449.9892,42460959
129,2023-11-02,nvidia,433.2215,438.7808,428.8821,435.0013,40917187
130,2023-11-01,nvidia,408.7848,423.7528,408.6348,423.1929,43759290
131,2023-10-31,nvidia,404.4454,408.7348,392.2471,407.7449,51796870
132,2023-10-30,nvidia,410.8145,417.6036,404.7554,411.5544,38802814
133,2023-10-27,nvidia,411.2445,412.0044,400.0960,404.9453,41678441
134,2023-10-26,nvidia,418.4735,422.4985,398.7481,403.2056,54100132
135,2023-10-25,nvidia,433.9214,436.4411,415.4939,417.7336,39837922
136,2023-10-24,nvidia,430.7118,436.9110,426.8524,436.5711,40146337
137,2023-10-23,nvidia,412.2343,432.4215,409.3947,429.6920,47853049
138,2023-10-20,nvidia,418.8435,424.6427,410.7245,413.8141,47726605
139,2023-10-19,nvidia,428.0522,432.9116,418.7635,420.9532,50123308
140,2023-10-18,nvidia,425.8525,432.1317,418.1935,421.9030,62729434
141,2023-10-17,nvidia,439.9406,447.4796,424.7427,439.3207,81233267
142,2023-10-16,nvidia,450.5692,462.1876,449.0594,460.8878,37509924
143,2023-10-13,nvidia,469.5366,471.0964,452.7389,454.5486,47542599
144,2023-10-12,nvidia,467.7069,476.0257,463.2375,469.3866,48132500
145,2023-10-11,nvidia,461.8976,468.5267,460.4378,467.9968,37813689
146,2023-10-10,nvidia,453.0388,462.5276,450.8191,457.9182,36858208
147,2023-10-09,nvidia,448.3595,455.9884,443.6201,452.6689,40967472
148,2023-10-06,nvidia,441.8703,457.8282,440.2006,457.5582,43443602
149,2023-10-05,nvidia,440.4405,448.9394,438.8208,446.8197,39348309
150,2023-10-04,nvidia,437.3610,441.3704,432.8617,440.3505,36182086
151,2023-10-03,nvidia,448.0195,451.2391,432.4016,435.1113,47084954
152,2023-10-02,nvidia,440.2406,451.6890,438.5508,447.7595,43329821
153,2023-09-29,nvidia,438.2108,441.3804,433.0109,434.9313,39782993
154,2023-09-28,nvidia,424.5427,434.4044,421.0931,430.8318,42466279
155,2023-09-27,nvidia,423.2429,428.6621,416.2339,424.6227,44493520
156,2023-09-26,nvidia,419.9533,428.1422,416.4938,419.0534,40228209
157,2023-09-25,nvidia,415.8539,425.3026,411.7144,422.1630,41909096
158,2023-09-22,nvidia,415.6639,421.0931,412.2543,416.0438,47923631
159,2023-09-21,nvidia,415.7739,420.9432,409.7447,410.1146,45073596
160,2023-09-20,nvidia,435.9411,438.9707,422.1730,422.3330,36710769
161,2023-09-19,nvidia,438.2708,439.6006,429.9619,435.1412,37306424
162,2023-09-18,nvidia,427.4223,442.3603,419.9433,439.6006,50027079
163,2023-09-15,nvidia,453.3488,455.9284,438.0209,438.9407,50683051
164,2023-09-14,nvidia,459.4380,459.8078,451.2491,455.7485,37009720
165,2023-09-13,nvidia,445.9398,459.2380,444.9699,454.7886,39835535
166,2023-09-12,nvidia,447.3196,456.6683,445.2499,448.6394,34925634
167,2023-09-11,nvidia,461.4177,461.5677,443.0602,451.7190,47396555
168,2023-09-08,nvidia,459.3580,465.9971,452.6489,455.6585,47389994
169,2023-09-07,nvidia,455.1885,463.3774,451.4590,462.3476,43332989
170,2023-09-06,nvidia,484.3446,485.4245,465.7371,470.5465,46866957
171,2023-09-05,nvidia,482.1254,488.4021,478.4962,485.3747,38265258
172,2023-09-01,nvidia,497.5120,497.8919,481.3115,484.9847,46383030
173,2023-08-31,nvidia,493.6929,497.3321,489.4738,493.4429,52856977
174,2023-08-30,nvidia,490.3336,499.1617,484.1449,492.5331,73520598
175,2023-08-29,nvidia,466.5587,490.7035,463.8094,487.7341,70139699
176,2023-08-28,nvidia,464.7191,469.6981,448.7826,468.2484,68519223
177,2023-08-25,nvidia,470.0180,477.9463,450.1423,460.0801,92534052
178,2023-08-24,nvidia,502.0510,502.5509,471.4877,471.5277,115604409
179,2023-08-23,nvidia,458.5605,471.8976,451.9819,471.0578,77904608
180,2023-08-22,nvidia,481.2456,481.7654,453.2326,456.5809,75720691
181,2023-08-21,nvidia,444.8435,470.5479,442.1240,469.5681,69257337
182,2023-08-18,nvidia,426.2575,435.6853,416.5096,432.8960,58376787
183,2023-08-17,nvidia,439.6046,440.5244,429.9167,433.3410,45239482
184,2023-08-16,nvidia,445.1034,446.6531,433.9658,434.7656,52745068
185,2023-08-15,nvidia,445.5033,452.5818,437.0052,439.3047,67651151
186,2023-08-14,nvidia,404.7722,437.9050,403.0225,437.4351,69028583
187,2023-08-11,nvidia,417.4194,420.0888,406.3018,408.4614,53308526
188,2023-08-10,nvidia,421.5085,435.6455,418.2592,423.7880,49270530
189,2023-08-09,nvidia,442.6439,443.0238,421.2486,425.4477,58644907
190,2023-08-08,nvidia,448.4327,452.3218,440.4645,446.5431,35384343
191,2023-08-07,nvidia,451.0121,455.3012,445.5378,454.0665,32215354
192,2023-08-04,nvidia,449.7524,456.3210,443.8337,446.7031,36266618
193,2023-08-03,nvidia,437.9050,451.0821,437.9050,445.0534,32507660
194,2023-08-02,nvidia,458.2106,458.3005,433.7759,442.5939,53014157
195,2023-08-01,nvidia,464.4942,468.8982,460.1701,464.9691,23927597
196,2023-07-31,nvidia,467.4386,471.1977,464.9592,467.1886,25105528
197,2023-07-28,nvidia,466.5787,470.1680,463.7094,467.3986,33119424
198,2023-07-27,nvidia,465.0891,473.8472,457.4007,458.9004,45597552
199,2023-07-26,nvidia,460.1101,460.4301,446.2032,454.4214,36423726
200,2023-07-25,nvidia,449.3125,461.7248,449.1325,456.6909,34808091
201,2023-07-24,nvidia,447.2129,450.9921,440.3044,446.0232,38309974
202,2023-07-21,nvidia,457.7806,458.5605,440.9043,442.9939,96376863
203,2023-07-20,nvidia,464.9691,470.7678,450.5222,455.1012,53786451
204,2023-07-19,nvidia,474.5370,478.0762,467.3186,470.6679,42750179
205,2023-07-18,nvidia,466.9087,478.8560,457.2408,474.8369,57019042
206,2023-07-17,nvidia,462.7896,464.8591,452.5259,464.5092,51048822
207,2023-07-14,nvidia,465.7270,480.7757,450.5022,454.5913,77207533
208,2023-07-13,nvidia,445.0834,461.4499,444.8235,459.6702,47820369
209,2023-07-12,nvidia,430.2366,439.2547,427.6800,438.9247,48127702
210,2023-07-11,nvidia,424.7178,427.4872,420.5787,423.9580,29824406
211,2023-07-10,nvidia,426.4774,428.0171,416.3996,421.7085,35390811
212,2023-07-07,nvidia,423.1282,432.0462,421.7085,424.9378,35588147
213,2023-07-06,nvidia,418.3492,421.6985,413.3703,420.9386,30413879
214,2023-07-05,nvidia,421.2586,431.6763,420.7587,423.0782,32361756
215,2023-07-03,nvidia,425.0777,428.8869,421.9284,424.0380,19820919
216,2023-06-30,nvidia,416.7096,425.4077,414.9199,422.9282,50114775
217,2023-06-29,nvidia,415.4898,415.9097,405.9119,408.1314,38051430
218,2023-06-28,nvidia,406.5118,418.3592,405.0921,411.0808,58263927
219,2023-06-27,nvidia,407.9015,419.3090,404.3922,418.6691,46217470
220,2023-06-26,nvidia,424.5179,427.5472,400.9130,406.2318,59432192
221,2023-06-23,nvidia,424.5479,427.9971,420.0588,421.9984,35813984
222,2023-06-22,nvidia,422.4383,434.1608,422.2484,430.1566,41773743
223,2023-06-21,nvidia,434.9156,436.0554,420.7087,430.3566,55160291
224,2023-06-20,nvidia,429.8867,439.8045,426.6474,437.9849,45115311
225,2023-06-16,nvidia,434.4057,437.1151,426.5124,426.8274,65570941
226,2023-06-15,nvidia,425.9276,432.7961,421.3785,426.4374,56862204
227,2023-06-14,nvidia,408.1514,429.9067,405.4320,429.8767,74046502
228,2023-06-13,nvidia,401.7728,410.9208,397.3138,410.1310,61320816
229,2023-06-12,nvidia,391.9149,395.2141,386.0962,394.7343,38967335
230,2023-06-09,nvidia,390.2853,397.0238,385.5863,387.6159,42771747
231,2023-06-08,nvidia,377.1581,388.5557,374.9686,385.0164,41777240
232,2023-06-07,nvidia,389.0656,394.9043,373.4789,374.6687,51199789
233,2023-06-06,nvidia,388.1758,391.4747,381.3579,386.4163,38872914
234,2023-06-05,nvidia,388.9655,395.5237,386.9462,391.5847,39609381
235,2023-06-02,nvidia,400.8417,404.8704,390.4551,393.1442,48273121
236,2023-06-01,nvidia,384.7668,400.3719,383.2773,397.5728,63587295
237,2023-05-31,nvidia,394.7537,402.8211,378.0990,378.2189,100258020
238,2023-05-30,nvidia,405.8201,419.2458,399.3622,400.9817,92340110
239,2023-05-26,nvidia,378.7788,391.5747,375.3799,389.3354,71439676
240,2023-05-25,nvidia,385.1067,394.6737,366.2328,379.6785,154391067
241,2023-05-24,nvidia,302.0033,305.9721,297.9646,305.2823,72141851
242,2023-05-23,nvidia,309.9008,312.7799,306.2120,306.7818,35625326
243,2023-05-22,nvidia,308.9111,315.0991,306.7018,311.6602,37199967
244,2023-05-19,nvidia,315.2591,315.6990,309.0611,312.5400,47390765
245,2023-05-18,nvidia,304.0027,318.1782,303.1030,316.6786,74872501
246,2023-05-17,nvidia,295.7453,301.8934,294.2059,301.6834,43253541
247,2023-05-16,nvidia,288.3177,298.6044,288.2277,292.0365,44940494
248,2023-05-15,nvidia,284.9938,289.5973,281.4299,289.4374,29392587
249,2023-05-12,nvidia,285.1987,287.7079,280.3703,283.3093,27422225
250,2023-05-11,nvidia,288.8675,289.4074,282.3696,285.6886,32214903
251,2023-05-10,nvidia,289.9572,291.0368,284.5217,288.7576,36934998
252,2023-05-09,nvidia,288.8975,289.6373,284.4090,285.6186,31486946
253,2023-05-08,nvidia,285.1287,292.1065,283.4093,291.4167,34497890
254,2023-05-05,nvidia,278.1660,287.4580,277.2213,286.7082,36149408
255,2023-05-04,nvidia,276.4215,278.5009,272.3128,275.5318,32185041
256,2023-05-03,nvidia,278.3109,283.5792,274.6321,277.9310,38338740
257,2023-05-02,nvidia,286.7082,288.2676,280.7401,282.0097,40272957
258,2023-05-01,nvidia,278.3109,290.4914,277.7111,289.0075,57032853
259,2023-04-28,nvidia,272.1629,277.4912,270.6282,277.4012,29221614
260,2023-04-27,nvidia,273.5424,274.8620,266.1649,272.1729,37716119
261,2023-04-26,nvidia,269.9336,273.2126,266.9656,269.4738,40633681
262,2023-04-25,nvidia,270.6934,272.3828,262.1661,262.3260,37852716
263,2023-04-24,nvidia,270.0436,273.5723,266.6248,270.3335,33928186
264,2023-04-21,nvidia,269.4338,271.7430,267.1345,271.1032,34510277
265,2023-04-20,nvidia,276.6215,280.2103,269.9136,270.9533,42771326
266,2023-04-19,nvidia,273.5225,279.9104,272.2329,279.2206,35866041
267,2023-04-18,nvidia,275.2469,281.0101,273.4825,276.5815,60481154
268,2023-04-17,nvidia,265.5700,269.9736,264.2472,269.9336,32147130
269,2023-04-14,nvidia,264.9552,268.7440,262.1161,267.4944,39566013
270,2023-04-13,nvidia,267.2545,268.7830,263.2058,264.5453,35361528
271,2023-04-12,nvidia,273.6124,274.5920,264.3904,264.8652,44625895
272,2023-04-11,nvidia,277.1463,277.8111,271.1732,271.6031,31437817
273,2023-04-10,nvidia,268.1442,276.1215,266.6047,275.7018,39527855
274,2023-04-06,nvidia,265.7549,270.7134,264.1854,270.2835,39765434
275,2023-04-05,nvidia,268.2042,269.8936,263.8655,268.7240,51501474
276,2023-04-04,nvidia,279.5705,279.9104,272.9826,274.4422,36859153
277,2023-04-03,nvidia,275.0020,279.9104,273.2725,279.5605,39871560
278,2023-03-31,nvidia,271.3132,278.2540,270.9633,277.6811,43393277
279,2023-03-30,nvidia,272.2029,274.9020,270.9333,273.7424,36451574
280,2023-03-29,nvidia,268.1642,270.6934,265.8849,269.7537,39369387
281,2023-03-28,nvidia,264.3854,265.0452,258.4173,264.0155,35610378
282,2023-03-27,nvidia,268.2841,269.9136,263.5656,265.2251,36102574
283,2023-03-24,nvidia,270.2235,271.5831,263.4657,267.7043,45541407
284,2023-03-23,nvidia,271.0682,274.9020,266.8146,271.8230,56488876
285,2023-03-22,nvidia,264.1654,275.8017,262.2861,264.5953,79729511
286,2023-03-21,nvidia,261.7162,263.8356,253.7288,261.9062,54740776
287,2023-03-20,nvidia,256.0680,260.1567,251.2179,258.9171,43274719
288,2023-03-17,nvidia,259.7369,263.9055,256.5979,257.1677,84854656
289,2023-03-16,nvidia,240.1931,255.7981,238.8635,255.3283,58494626
290,2023-03-15,nvidia,237.5340,242.7823,233.5253,242.2025,52448574
291,2023-03-14,nvidia,234.8848,242.1125,234.5249,240.5530,47491013
292,2023-03-13,nvidia,227.4472,232.9055,222.8987,229.5865,42189032
293,2023-03-10,nvidia,234.0151,236.1944,227.1873,229.5765,47486565
294,2023-03-09,nvidia,241.6726,244.4618,233.7536,234.2850,50125699
295,2023-03-08,nvidia,234.7949,241.9226,234.1601,241.7326,51357339
296,2023-03-07,nvidia,235.9245,241.1728,232.3356,232.8055,51515388
297,2023-03-06,nvidia,238.7930,242.3612,234.7549,235.4246,43742923
298,2023-03-03,nvidia,233.0858,238.8829,231.1867,238.7830,41239330
299,2023-03-02,nvidia,224.7698,233.6895,224.2101,233.0258,39007465
300,2023-03-01,nvidia,231.8064,232.4418,224.9697,226.8688,46002562
301,2023-02-28,nvidia,233.6055,238.1333,231.9463,232.0463,45596280
302,2023-02-27,nvidia,236.5840,238.6824,234.4251,234.8949,45299367
303,2023-02-24,nvidia,232.1362,234.6250,229.3576,232.7459,58971591
304,2023-02-23,nvidia,234.2852,238.7630,230.1372,236.5241,111799541
305,2023-02-22,nvidia,206.9686,210.9366,204.1100,207.4383,51318432
306,2023-02-21,nvidia,209.8971,214.8327,206.0790,206.4488,41001455
307,2023-02-17,nvidia,216.2040,217.2935,209.6472,213.7752,46588764
308,2023-02-16,nvidia,221.2216,225.3895,219.1606,219.9122,41202628
309,2023-02-15,nvidia,225.3795,228.4380,220.9517,227.5285,42118826
310,2023-02-14,nvidia,215.6743,230.3751,213.5553,229.5975,67547350
311,2023-02-13,nvidia,215.2745,220.3720,209.5173,217.7733,47491862
312,2023-02-10,nvidia,216.7937,220.6682,208.0080,212.5458,55073675
313,2023-02-09,nvidia,225.9493,230.0872,221.0916,223.2606,52387578
314,2023-02-08,nvidia,223.7603,228.6679,219.9723,221.9412,55965122
315,2023-02-07,nvidia,213.7152,222.4810,211.3964,221.6214,66414961
316,2023-02-06,nvidia,207.9581,215.5943,207.7582,210.7867,45219709
317,2023-02-03,nvidia,209.8971,217.3434,207.7882,210.8966,42936595
318,2023-02-02,nvidia,209.8971,219.3825,206.8986,216.9836,56427580
319,2023-02-01,nvidia,196.8135,211.8162,196.0139,209.3274,66047704
320,2023-01-31,nvidia,191.6011,196.7736,189.4072,195.2743,49801658
321,2023-01-30,nvidia,199.4023,201.3013,191.4062,191.5261,48861115
322,2023-01-27,nvidia,194.5247,206.1789,193.9549,203.5502,54214198
323,2023-01-26,nvidia,196.9135,201.5612,192.6856,197.9230,48953542
324,2023-01-25,nvidia,189.0323,193.6051,185.7090,193.1353,44953711
325,2023-01-24,nvidia,188.1778,194.8545,188.1078,192.5556,49620410
326,2023-01-23,nvidia,180.5515,192.3557,178.0877,191.8360,65516259
327,2023-01-20,nvidia,170.0267,178.4725,168.1676,178.3026,56496712
328,2023-01-19,nvidia,170.2765,171.8858,167.2280,167.5679,45293160
329,2023-01-18,nvidia,176.5834,178.6424,172.7353,173.6849,43962355
330,2023-01-17,nvidia,168.9072,177.1931,168.9072,176.9333,51110216
331,2023-01-13,nvidia,162.7003,169.1371,161.5708,168.9072,44728706
332,2023-01-12,nvidia,160.9211,166.2885,154.8441,165.0291,55140906
333,2023-01-11,nvidia,158.3175,160.2015,155.5538,159.9316,35328493
334,2023-01-10,nvidia,154.9940,159.5417,154.6442,159.0121,38410126
335,2023-01-09,nvidia,152.7651,160.4813,151.3358,156.2034,50423056
336,2023-01-06,nvidia,144.6691,150.0265,140.2712,148.5172,40504362
337,2023-01-05,nvidia,144.8390,145.5686,141.4102,142.5801,38916811
338,2023-01-04,nvidia,145.5986,148.4572,142.3402,147.4177,43132360
339,2023-01-03,nvidia,148.4372,149.8865,140.8909,143.0799,40127658
340,2022-12-30,nvidia,143.2698,146.2182,142.2603,146.0684,31048983
341,2022-12-29,nvidia,143.9494,146.7581,142.2003,145.9585,35492324
342,2022-12-28,nvidia,139.2018,142.5501,138.7720,140.2912,35106645
343,2022-12-27,nvidia,150.6662,150.9260,140.4911,141.1408,46490226
344,2022-12-23,nvidia,151.8856,153.3149,148.7571,151.9855,34932563
345,2022-12-22,nvidia,160.8562,161.3009,148.7471,153.3149,56504527
346,2022-12-21,nvidia,161.0611,166.1885,160.9411,164.9292,32502538
347,2022-12-20,nvidia,160.5613,163.0201,158.4423,160.7712,40325979
348,2022-12-19,nvidia,165.6388,166.0086,161.3709,162.4604,35403877
349,2022-12-16,nvidia,168.5594,170.3265,164.0196,165.6288,47823193
350,2022-12-15,nvidia,171.3760,173.1151,166.9182,169.4370,47854210
351,2022-12-14,nvidia,179.7819,182.4306,174.1147,176.6534,49688810
352,2022-12-13,nvidia,185.2192,187.8079,177.0232,180.6315,65658876
353,2022-12-12,nvidia,170.2865,175.2941,167.8877,175.2641,45732780
354,2022-12-09,nvidia,171.5159,175.7439,169.6668,169.9267,46533819
355,2022-12-08,nvidia,162.6503,171.7058,159.5118,171.6059,51545554
356,2022-12-07,nvidia,157.6427,161.7807,156.5932,161.1210,37238758
357,2022-12-06,nvidia,165.2190,165.6488,158.1125,159.7917,35269427
358,2022-12-05,nvidia,166.7083,169.8667,164.6394,166.0186,35225517
359,2022-12-02,nvidia,166.5084,169.2427,164.3694,168.6773,37138858
360,2022-12-01,nvidia,169.9067,172.5654,166.2685,171.2661,47097657
361,2022-11-30,nvidia,156.8931,169.2171,155.8936,169.1471,56529822
362,2022-11-29,nvidia,158.1520,159.2012,155.0843,156.2734,29838449
363,2022-11-28,nvidia,160.1405,163.4480,157.1327,158.1520,30415201
364,2022-11-25,nvidia,163.0583,164.7470,161.5994,162.5787,16793430
365,2022-11-23,nvidia,160.8599,165.1467,160.3604,165.0668,42724093
366,2022-11-22,nvidia,153.1657,160.4559,151.1032,160.2604,47286607
367,2022-11-21,nvidia,151.3570,154.6546,150.6875,153.0558,40473931
368,2022-11-18,nvidia,159.5409,159.9007,151.0873,153.9751,49207165
369,2022-11-17,nvidia,157.0328,162.5387,155.2341,156.6531,71089356
370,2022-11-16,nvidia,161.4945,163.4980,158.6116,158.9813,64954684
371,2022-11-15,nvidia,167.0903,169.8532,163.6978,166.5357,54587550
372,2022-11-14,nvidia,162.0590,165.2766,159.1013,162.8285,52785245
373,2022-11-11,nvidia,157.9571,163.7678,154.7045,163.1482,65548747
374,2022-11-10,nvidia,147.8896,157.6124,145.3615,157.3825,70081925
375,2022-11-09,nvidia,141.5094,142.0040,137.4875,137.6573,45441366
376,2022-11-08,nvidia,147.8996,148.7990,142.0540,145.9111,59529199
377,2022-11-07,nvidia,142.1739,144.0125,139.4359,142.9033,41006095
378,2022-11-04,nvidia,139.7557,142.1839,136.8679,141.4544,61257591
379,2022-11-03,nvidia,130.3327,137.7072,129.4634,134.1099,50006486
380,2022-11-02,nvidia,138.3967,141.9940,132.0139,132.0914,67262784
381,2022-11-01,nvidia,138.0070,139.1461,135.0892,135.3290,43281690
382,2022-10-31,nvidia,137.6772,138.2768,132.8708,134.8693,48634099
383,2022-10-28,nvidia,130.9423,138.3967,130.5126,138.2368,52103993
384,2022-10-27,nvidia,136.1983,138.2768,131.1221,131.6617,58311308
385,2022-10-26,nvidia,128.5940,133.7802,126.9852,128.8638,53553329
386,2022-10-25,nvidia,126.8403,132.9008,126.5456,132.5111,50548233
387,2022-10-24,nvidia,124.9867,127.0052,120.5500,125.8960,51745740
388,2022-10-21,nvidia,120.8918,124.8868,118.7813,124.5670,60949441
389,2022-10-20,nvidia,121.0397,127.5948,120.9597,121.8491,65239761
390,2022-10-19,nvidia,118.7014,123.4079,118.2517,120.4201,52313061
391,2022-10-18,nvidia,123.3479,124.8268,116.0934,119.5808,65936206
392,2022-10-17,nvidia,115.0941,119.3909,115.0841,118.7913,58077417
393,2022-10-14,nvidia,120.4801,121.0197,111.9564,112.1863,71343199
394,2022-10-13,nvidia,109.6282,120.6898,108.0494,119.5108,85010301
395,2022-10-12,nvidia,115.7036,117.2625,113.3654,114.9142,49259019
396,2022-10-11,nvidia,115.5238,118.3717,112.7459,115.7736,66748163
397,2022-10-10,nvidia,120.2802,121.1528,113.9961,116.6130,69869925
398,2022-10-07,nvidia,124.9567,126.6055,120.1303,120.6699,67247816
399,2022-10-06,nvidia,132.1014,136.4582,130.9323,131.2021,64415689
400,2022-10-05,nvidia,129.0107,133.1107,126.1159,131.9915,50713073
401,2022-10-04,nvidia,128.6940,132.1014,128.6940,131.5718,58418167
402,2022-10-03,nvidia,123.3779,126.6854,120.9597,125.0267,54747847
403,2022-09-30,nvidia,120.7799,126.2358,120.6599,121.2995,56563842
404,2022-09-29,nvidia,124.3872,124.9068,119.3710,122.1089,53276312
405,2022-09-28,nvidia,124.0074,128.1344,123.4465,127.2650,54241388
406,2022-09-27,nvidia,124.9767,127.2650,122.4886,124.0374,55385406
407,2022-09-26,nvidia,124.8168,126.4956,122.0489,122.1888,54734269
408,2022-09-23,nvidia,124.1074,126.0159,122.4786,125.0667,66330931
409,2022-09-22,nvidia,130.6025,131.3916,124.1873,125.5163,75916216
410,2022-09-21,nvidia,132.0315,140.2054,131.0022,132.5111,80767940
411,2022-09-20,nvidia,132.0464,134.7270,130.4726,131.6617,52481775
412,2022-09-19,nvidia,130.0230,134.5296,130.0030,133.7202,56968528
413,2022-09-16,nvidia,127.3200,132.0215,126.0759,131.8816,67075140
414,2022-09-15,nvidia,130.0549,132.2312,127.8046,129.1936,52362516
415,2022-09-14,nvidia,132.4412,132.8008,129.0337,131.1821,58850654
416,2022-09-13,nvidia,137.9171,139.1162,130.8923,131.2121,71495563
417,2022-09-12,nvidia,143.5828,145.3615,141.8741,144.9418,48415924
418,2022-09-09,nvidia,141.4644,144.6321,141.1547,143.7627,48712842
419,2022-09-08,nvidia,134.4896,139.9755,133.5903,139.7957,62487312
420,2022-09-07,nvidia,135.5288,138.2768,133.3605,137.0377,51265746
421,2022-09-06,nvidia,137.1668,137.6463,133.3708,134.5096,53575118
422,2022-09-02,nvidia,140.8530,141.5623,135.7683,136.3277,74315746
423,2022-09-01,nvidia,141.9419,143.6501,132.5637,139.2247,117886514
424,2022-08-31,nvidia,153.6796,155.2380,149.4291,150.7826,57370986
425,2022-08-30,nvidia,159.4336,160.2228,151.6617,154.5187,53018069
426,2022-08-29,nvidia,160.0330,163.2097,157.5056,157.8453,49613194
427,2022-08-26,nvidia,178.3838,179.0531,162.2007,162.4305,76912743
428,2022-08-25,nvidia,168.2644,179.2829,168.1545,178.9432,77069133
429,2022-08-24,nvidia,169.9426,173.8785,168.7739,172.0405,52266071
430,2022-08-23,nvidia,169.7079,174.4679,169.5231,171.6309,36998577
431,2022-08-22,nvidia,174.7177,175.3969,169.4831,170.1624,40959271
432,2022-08-19,nvidia,183.8681,185.0069,177.5147,178.3039,44158833
433,2022-08-18,nvidia,182.8192,188.4532,181.6404,187.5343,41544656
434,2022-08-17,nvidia,185.0369,186.6852,181.2608,183.1588,44679911
435,2022-08-16,nvidia,188.9978,191.2204,184.8171,188.5932,45123964
436,2022-08-15,nvidia,186.8150,191.4402,185.9359,190.1216,45766556
437,2022-08-12,nvidia,181.4107,186.9849,179.3428,186.8949,47809415
438,2022-08-11,nvidia,181.1210,186.8750,178.5736,179.2329,50932655
439,2022-08-10,nvidia,176.7955,180.9911,172.9896,180.7813,59742246
440,2022-08-09,nvidia,172.3401,174.2900,167.0656,170.6819,66826265
441,2022-08-08,nvidia,174.8375,182.1998,172.2402,177.7445,98378318
442,2022-08-05,nvidia,187.9039,192.0887,186.4654,189.6920,38606829
443,2022-08-04,nvidia,188.2935,192.5391,187.4044,191.9497,40965227
444,2022-08-03,nvidia,181.6504,189.4822,181.1809,188.7330,41814557
445,2022-08-02,nvidia,181.0311,189.1779,180.7314,185.0669,48952692
446,2022-08-01,nvidia,181.6304,188.2635,179.7124,184.2177,47646904
447,2022-07-29,nvidia,177.9443,182.2498,176.7356,181.4406,43546042
448,2022-07-28,nvidia,179.5626,181.2109,174.2182,179.6525,47464628
449,2022-07-27,nvidia,170.1424,179.1730,168.9538,177.7145,56977623
450,2022-07-26,nvidia,168.7139,169.0136,164.6082,165.1576,39786491
451,2022-07-25,nvidia,170.0126,171.0615,166.3164,170.0625,48074751
452,2022-07-22,nvidia,178.7435,179.4827,171.1863,173.0094,53667088
453,2022-07-21,nvidia,178.6635,181.2508,175.2627,180.3118,55704928
454,2022-07-20,nvidia,169.2933,179.1380,167.8348,177.8844,76053779
455,2022-07-19,nvidia,164.6881,170.9216,161.5515,169.7428,70236608
456,2022-07-18,nvidia,162.8500,168.7938,159.8532,160.8421,67051745
457,2022-07-15,nvidia,156.4267,157.6555,154.2890,157.4557,38593547
458,2022-07-14,nvidia,150.9225,154.5686,147.1265,153.5597,45623484
459,2022-07-13,nvidia,145.7479,153.5897,144.4992,151.4819,52191834
460,2022-07-12,nvidia,152.5208,154.1491,148.6149,150.6628,45848310
461,2022-07-11,nvidia,155.0981,155.1080,150.2233,151.3620,43838873
462,2022-07-08,nvidia,154.1391,160.2027,153.7296,158.2149,46797176
463,2022-07-07,nvidia,154.3939,159.2838,153.7296,158.4147,49290276
464,2022-07-06,nvidia,149.9435,153.0302,147.7358,151.1423,52906586
465,2022-07-05,nvidia,141.6022,149.5539,140.4035,149.4840,65220761
466,2022-07-01,nvidia,148.8347,150.4721,143.7700,145.0786,57761008
467,2022-06-30,nvidia,153.4499,155.5077,148.4651,151.4320,68607003
468,2022-06-29,nvidia,157.9751,158.0351,151.5418,155.2580,48235228
469,2022-06-28,nvidia,168.8238,171.8406,159.2838,159.6534,46185936
470,2022-06-27,nvidia,172.9395,173.1193,166.0817,168.5141,42796788
471,2022-06-24,nvidia,164.8280,171.2213,162.9300,171.0815,47215283
472,2022-06-23,nvidia,165.0128,165.6771,158.3647,162.0808,46367959
473,2022-06-22,nvidia,162.0908,166.4463,161.6313,163.4294,43799744
474,2022-06-21,nvidia,164.5732,169.9027,163.8989,165.4873,48308888
475,2022-06-17,nvidia,156.3169,159.7832,153.1202,158.6344,63033397
476,2022-06-16,nvidia,158.4346,159.2570,153.8494,155.8474,54574867
477,2022-06-15,nvidia,160.7822,168.5041,159.0940,165.0977,56393565
478,2022-06-14,nvidia,157.1460,160.4925,153.9593,158.1949,46967952
479,2022-06-13,nvidia,159.8332,162.9499,155.8973,156.3069,60415338
480,2022-06-10,nvidia,175.8165,176.7855,168.5141,169.5630,46564966
481,2022-06-09,nvidia,184.6173,189.1326,180.2219,180.2918,39557379
482,2022-06-08,nvidia,187.7940,191.6000,185.1568,186.2856,36325246
483,2022-06-07,nvidia,184.4885,189.7619,181.6520,189.0228,38891411
484,2022-06-06,nvidia,191.1501,193.1276,185.4093,187.6245,42240615
485,2022-06-03,nvidia,190.5758,193.0807,184.9835,186.9654,59877870
486,2022-06-02,nvidia,182.6907,195.9441,181.7519,195.6744,64865580
487,2022-06-01,nvidia,187.0053,190.2930,180.9929,182.9704,54451390
488,2022-05-31,nvidia,189.5621,191.7594,183.2700,186.4860,66409951
489,2022-05-27,nvidia,181.6321,188.5734,180.7731,187.8742,73837935
490,2022-05-26,nvidia,160.1590,180.6932,160.0192,178.2863,99657452
491,2022-05-25,nvidia,159.9992,170.8954,159.7995,169.5372,78113190
492,2022-05-24,nvidia,164.8931,165.7620,157.6022,161.3375,58855002
493,2022-05-23,nvidia,162.5360,168.9380,161.5873,168.7682,63988869
494,2022-05-20,nvidia,173.1028,173.8818,157.3525,166.7308,73910526
495,2022-05-19,nvidia,169.1577,176.6483,167.1308,171.0254,62130959
496,2022-05-18,nvidia,176.8281,180.9529,168.4286,169.1677,54516106
497,2022-05-17,nvidia,180.5135,183.4797,176.1190,181.5422,58582971
498,2022-05-16,nvidia,174.8706,177.6571,170.8456,172.4236,52144598
499,2022-05-13,nvidia,167.6696,179.0596,165.7170,176.8381,67043651
500,2022-05-12,nvidia,161.9877,167.6696,155.4749,161.5473,70872837
501,2022-05-11,nvidia,173.2526,177.3075,165.4723,166.0916,67016703
502,2022-05-10,nvidia,176.6683,181.7519,170.0366,175.7295,76147429
503,2022-05-09,nvidia,180.1140,182.3212,168.0591,169.2876,64445451
504,2022-05-06,nvidia,187.1252,194.8754,179.6745,186.5159,63329672
505,2022-05-05,nvidia,198.4210,199.0003,184.7681,188.2038,62633141
506,2022-05-04,nvidia,198.9803,203.7443,187.2750,203.0851,64885463
507,2022-05-03,nvidia,193.7569,198.0015,191.0902,195.7743,47575084
508,2022-05-02,nvidia,185.1726,195.4947,183.6795,195.0852,57204868
509,2022-04-29,nvidia,193.7768,201.0325,184.9379,185.2375,50043491
510,2022-04-28,nvidia,189.4323,200.1189,184.6640,197.5721,57032671
511,2022-04-27,nvidia,185.7469,191.4298,182.6708,183.9192,49946017
512,2022-04-26,nvidia,196.9329,197.6320,186.4660,187.6445,65314250
513,2022-04-25,nvidia,191.7793,199.2000,190.7207,198.7706,64156561
514,2022-04-22,nvidia,202.7755,204.6032,194.7556,194.9054,62471343
515,2022-04-21,nvidia,216.8194,223.6394,199.7493,201.5770,65620944
516,2022-04-20,nvidia,224.8888,226.4196,211.7343,214.5508,46897444
517,2022-04-19,nvidia,216.9278,223.4496,212.8729,221.7018,51278058
518,2022-04-18,nvidia,211.7343,220.6032,210.5258,217.5570,52570061
519,2022-04-14,nvidia,224.7679,227.4845,211.3648,212.3136,56909685
520,2022-04-13,nvidia,217.0077,224.7180,214.2811,221.7517,51694344
521,2022-04-12,nvidia,225.0875,226.9652,212.5537,214.7705,66225807
522,2022-04-11,nvidia,221.8616,222.9197,216.3285,218.8953,57520684
523,2022-04-08,nvidia,238.8702,238.9302,230.3311,230.9002,52478064
524,2022-04-07,nvidia,244.1037,246.9101,234.4857,241.7766,55799236
525,2022-04-06,nvidia,249.0275,252.6829,239.7292,243.7641,70383256
526,2022-04-05,nvidia,272.1984,272.8476,257.8764,258.9850,43661473
527,2022-04-04,nvidia,266.9450,275.2346,265.7964,273.2571,39770782
528,2022-04-01,nvidia,273.4069,274.6154,262.3408,266.7852,51723511
529,2022-03-31,nvidia,277.4718,282.1260,272.3582,272.5180,52344022
530,2022-03-30,nvidia,282.6853,284.5979,274.6853,276.5529,46348713
531,2022-03-29,nvidia,286.5854,289.0972,279.4493,286.2008,48898440
532,2022-03-28,nvidia,277.2071,282.1459,271.7190,281.8363,42549392
533,2022-03-25,nvidia,278.5105,283.2246,272.3682,276.5729,57901618
534,2022-03-24,nvidia,261.3321,282.8450,258.7453,281.1472,87737914
535,2022-03-23,nvidia,260.9326,265.7815,255.4296,256.0187,50211986
536,2022-03-22,nvidia,266.9350,272.0386,260.3932,264.9076,54700710
537,2022-03-21,nvidia,264.7378,271.1796,259.3445,267.0049,59172708
538,2022-03-18,nvidia,247.6792,265.3569,245.9314,264.1985,73071856
539,2022-03-17,nvidia,240.8977,248.1086,238.7604,247.3496,47194119
540,2022-03-16,nvidia,234.7055,245.6617,231.4296,244.6530,67142174
541,2022-03-15,nvidia,214.9103,230.0913,212.9529,229.4421,49199569
542,2022-03-14,nvidia,218.4159,222.3410,211.3249,213.0327,38535424
543,2022-03-11,nvidia,229.9315,231.1599,220.1837,220.7230,36720857
544,2022-03-10,nvidia,225.0276,227.5944,218.5457,226.2960,42806565
545,2022-03-09,nvidia,223.5894,231.9090,222.1912,229.8516,49274195
546,2022-03-08,nvidia,212.8229,223.4495,206.2412,214.8704,55746719
547,2022-03-07,nvidia,227.8840,230.0413,213.0327,213.2524,45082089
548,2022-03-04,nvidia,233.5469,236.5032,224.5382,229.0725,43201070
549,2022-03-03,nvidia,242.3109,242.9550,234.3959,236.8428,36509504
550,2022-03-02,nvidia,237.2623,243.7841,233.8565,241.8964,38964185
551,2022-03-01,nvidia,242.5643,243.4231,230.9908,234.4359,41205598
552,2022-02-28,nvidia,239.5786,246.2990,236.7327,243.5030,47731861
553,2022-02-25,nvidia,236.8724,241.8254,233.4773,241.2262,52886551
554,2022-02-24,nvidia,209.8509,237.6613,208.6027,237.1420,73580063
555,2022-02-23,nvidia,237.6813,241.2061,222.6926,223.5514,56651077
556,2022-02-22,nvidia,230.0222,240.2974,229.6727,233.5671,63342244
557,2022-02-18,nvidia,246.3239,249.5044,230.6713,236.0835,76125491
558,2022-02-17,nvidia,255.9353,257.4830,241.3061,244.7212,81059508
559,2022-02-16,nvidia,262.2163,265.4417,255.1564,264.7327,73267633
560,2022-02-15,nvidia,249.1349,265.0722,247.4873,264.5729,70175280
561,2022-02-14,nvidia,238.9994,248.3960,237.2119,242.3246,44042443
562,2022-02-11,nvidia,258.7912,261.1478,237.3917,239.1492,60547198
563,2022-02-10,nvidia,259.5801,268.8667,255.6357,257.8725,51319972
564,2022-02-09,nvidia,255.8554,266.8697,253.1692,266.6700,52428166
565,2022-02-08,nvidia,243.2433,251.9409,239.4587,250.7227,41035864
566,2022-02-07,nvidia,243.3732,251.4616,241.6756,246.9281,37686750
567,2022-02-04,nvidia,239.3788,245.9994,235.9837,242.8439,35482850
568,2022-02-03,nvidia,244.2319,250.4131,237.4616,239.1392,41017778
569,2022-02-02,nvidia,257.5729,257.8026,245.1807,252.0608,54341941
570,2022-02-01,nvidia,250.6827,251.0922,238.5601,246.0294,51892517
571,2022-01-31,nvidia,231.4901,244.7412,230.1919,244.5115,56467968
572,2022-01-28,nvidia,219.8082,228.2547,212.6569,228.0750,54377425
573,2022-01-27,nvidia,235.3446,239.6085,216.4415,219.1277,57335272
574,2022-01-26,nvidia,232.0693,240.2276,222.6826,227.3959,75595873
575,2022-01-25,nvidia,225.1391,229.1035,219.6869,222.9223,66461636
576,2022-01-24,nvidia,222.9822,233.4673,208.5827,233.3874,91581063
577,2022-01-21,nvidia,234.7355,247.8767,232.2989,233.4074,71895784
578,2022-01-20,nvidia,252.6799,255.4264,240.4373,241.1563,43518073
579,2022-01-19,nvidia,260.4189,265.0540,250.1635,250.3133,48831451
580,2022-01-18,nvidia,262.2263,266.0009,257.3333,258.6614,42530617
581,2022-01-14,nvidia,262.6257,271.5820,261.7271,269.0366,39583235
582,2022-01-13,nvidia,283.3861,284.3947,264.6029,265.3718,53886809
583,2022-01-12,nvidia,280.2656,285.5431,275.6871,279.5915,38341348
584,2022-01-11,nvidia,272.8362,280.2506,268.0080,277.7741,40408929
585,2022-01-10,nvidia,265.4317,274.2991,256.0735,273.6101,59468095
586,2022-01-07,nvidia,281.0095,283.8155,270.1849,272.0822,40993851
587,2022-01-06,nvidia,276.0066,283.9752,270.2648,281.3790,45418637
588,2022-01-05,nvidia,289.0780,293.7414,274.9382,275.6472,49806388
589,2022-01-04,nvidia,302.3391,304.2464,283.0866,292.4832,52715440
590,2022-01-03,nvidia,297.7257,306.6729,297.4261,300.7813,39240294
591,2021-12-31,nvidia,296.3177,299.8726,292.8883,293.6914,26652991
592,2021-12-30,nvidia,297.8455,304.1366,294.9796,295.4390,30886422
593,2021-12-29,nvidia,302.2942,305.0453,293.2421,299.5830,34313928
594,2021-12-28,nvidia,312.6744,312.8541,299.6910,302.7885,42059121
595,2021-12-27,nvidia,296.1779,310.4226,295.9782,309.0096,40368587
596,2021-12-23,nvidia,297.1265,300.1622,293.8913,295.9782,34302174
597,2021-12-22,nvidia,288.4988,295.1294,284.0851,293.5816,39518438
598,2021-12-21,nvidia,283.3362,290.7856,273.6200,290.3362,52438494
599,2021-12-20,nvidia,272.6614,281.0395,271.0637,276.7955,46184676
600,2021-12-17,nvidia,279.4517,288.8084,277.2049,277.6144,71662239
601,2021-12-16,nvidia,311.0767,311.1566,280.5302,283.4660,70736595
602,2021-12-15,nvidia,283.5958,304.5659,277.9838,304.1565,69829688
603,2021-12-14,nvidia,276.5958,286.3719,272.1122,282.9667,66703537
604,2021-12-13,nvidia,302.0595,302.5089,280.7599,281.2092,59834366
605,2021-12-10,nvidia,311.0567,312.6045,298.1850,301.5502,48882509
606,2021-12-09,nvidia,316.8884,321.5917,303.8470,304.4661,48850716
607,2021-12-08,nvidia,319.5346,322.4405,313.7629,317.8071,47555145
608,2021-12-07,nvidia,309.1294,324.0282,306.0738,323.8085,59305348
609,2021-12-06,nvidia,298.3748,301.9796,279.9810,299.9425,65893845
610,2021-12-03,nvidia,319.5446,320.8328,300.8712,306.4932,54432505
611,2021-12-02,nvidia,311.6958,324.3177,309.8085,320.8028,47289033
612,2021-12-01,nvidia,331.7219,332.4197,313.3534,313.9026,48580204
613,2021-11-30,nvidia,331.1776,333.0147,318.1478,326.2552,62206647
614,2021-11-29,nvidia,323.1600,333.6038,319.8651,333.2444,45496398
615,2021-11-26,nvidia,325.4963,326.5946,313.0157,314.5433,28306886
616,2021-11-24,nvidia,314.1239,328.0424,308.8022,326.2352,43516226
617,2021-11-23,nvidia,314.8628,323.1001,308.3229,316.9695,53216270
618,2021-11-22,nvidia,334.6522,345.9347,318.5072,319.0663,75433524
619,2021-11-19,nvidia,321.9319,330.3688,318.5571,329.3404,53386665
620,2021-11-18,nvidia,323.1699,327.0939,312.7261,316.2606,78171075
621,2021-11-17,nvidia,303.7101,304.6186,287.5551,292.1579,42850799
622,2021-11-16,nvidia,297.1302,303.4305,296.5998,301.5634,26448367
623,2021-11-15,nvidia,305.0480,305.9666,292.0181,299.7861,38490900
624,2021-11-12,nvidia,299.6364,306.3260,295.8422,303.4305,41305428
625,2021-11-11,nvidia,304.2093,305.4274,297.3101,303.4305,33217211
626,2021-11-10,nvidia,293.1065,308.0234,287.3354,294.1349,63620572
627,2021-11-09,nvidia,322.3213,322.6008,299.1771,306.0964,64674621
628,2021-11-08,nvidia,301.0242,310.5195,298.6080,307.5641,50310093
629,2021-11-05,nvidia,301.4036,313.5149,293.6456,297.0603,85126015
630,2021-11-04,nvidia,271.8693,313.1654,270.7610,297.5496,115363115
631,2021-11-03,nvidia,266.2880,267.4262,261.9447,265.5691,23991033
632,2021-11-02,nvidia,257.8211,266.3678,257.6014,263.6021,29411239
633,2021-11-01,nvidia,256.0937,258.5399,251.8803,257.8710,26573976
634,2021-10-29,nvidia,249.6188,256.6928,249.6138,255.2750,29250284
635,2021-10-28,nvidia,248.3956,249.1145,244.8511,249.0247,23420431
636,2021-10-27,nvidia,244.3619,250.5124,242.4450,244.1322,24598989
637,2021-10-26,nvidia,239.5194,252.1998,238.8704,246.7881,48589830
638,2021-10-25,nvidia,229.3751,233.1891,227.3482,231.3021,23023483
639,2021-10-22,nvidia,227.8774,230.9427,225.2614,226.9089,24938379
640,2021-10-21,nvidia,220.6286,226.7591,220.4888,226.5694,18759032
641,2021-10-20,nvidia,222.7004,223.9834,219.4804,220.6885,14627594
642,2021-10-19,nvidia,222.4158,223.4443,220.0295,222.5556,16147329
643,2021-10-18,nvidia,217.1540,222.5656,216.1056,221.8767,18949356
644,2021-10-15,nvidia,217.7630,218.9712,216.2853,218.2822,22699401
645,2021-10-14,nvidia,212.5511,217.2139,210.8938,217.1240,24358881
646,2021-10-13,nvidia,208.8568,209.5757,206.8100,209.0665,18065188
647,2021-10-12,nvidia,207.9532,210.2447,204.9629,206.3906,16213354
648,2021-10-11,nvidia,205.4321,210.3046,204.7931,206.6303,16338754
649,2021-10-08,nvidia,210.6840,211.7324,207.4290,207.9882,15125791
650,2021-10-07,nvidia,210.5941,212.8906,209.3960,210.4244,25691893
651,2021-10-06,nvidia,200.8892,206.8799,200.4898,206.6802,29720175
652,2021-10-05,nvidia,199.1918,206.1610,198.2333,204.1940,27928165
653,2021-10-04,nvidia,204.7232,205.1005,195.2479,197.0151,34563497
654,2021-10-01,nvidia,207.1794,208.2677,201.7179,207.0995,24097796
655,2021-09-30,nvidia,207.3631,210.3345,206.5604,206.8399,22100912
656,2021-09-29,nvidia,209.0715,209.8453,204.3538,204.8530,21839363
657,2021-09-28,nvidia,211.8073,213.8591,206.1910,206.6702,34306895
658,2021-09-27,nvidia,216.7681,217.6532,212.9205,216.2654,24521514
659,2021-09-24,nvidia,220.3590,221.1478,218.2723,220.4689,21765545
660,2021-09-23,nvidia,221.0579,224.9969,218.5618,224.4727,24855491
661,2021-09-22,nvidia,213.3249,219.2607,211.6325,219.0710,26872556
662,2021-09-21,nvidia,213.8341,213.9190,209.1763,212.1318,20468810
663,2021-09-20,nvidia,211.1333,213.9989,206.3008,210.8038,34944045
664,2021-09-17,nvidia,222.6555,222.8652,217.9627,218.6617,29450284
665,2021-09-16,nvidia,221.4918,222.4258,218.9312,222.0764,15603344
666,2021-09-15,nvidia,222.7453,223.3243,219.3206,223.0648,16653801
667,2021-09-14,nvidia,222.4059,223.7538,220.5188,222.0764,19975460
668,2021-09-13,nvidia,226.4895,229.2852,218.2423,221.1778,29749990
669,2021-09-10,nvidia,223.1378,225.9104,222.3559,224.4327,24837574
670,2021-09-09,nvidia,222.7753,225.0318,220.9681,221.4274,19685601
671,2021-09-08,nvidia,224.7822,225.7507,219.4305,223.0449,25443421
672,2021-09-07,nvidia,227.9772,228.6362,224.8760,226.2699,19810716
673,2021-09-03,nvidia,222.9051,229.5049,221.6570,228.0771,28083198
674,2021-09-02,nvidia,224.8321,225.5808,222.6006,223.6140,18810957
675,2021-09-01,nvidia,224.5026,226.6193,223.2196,224.0633,20176695
676,2021-08-31,nvidia,226.5994,226.5994,220.8583,223.5042,25984968
677,2021-08-30,nvidia,227.9069,230.0335,225.1220,226.4896,26257990
678,2021-08-27,nvidia,221.4583,226.8290,221.2886,225.9705,30472219
679,2021-08-26,nvidia,221.6180,223.0156,217.5251,220.3003,23794042
680,2021-08-25,nvidia,216.9960,224.3134,216.8462,221.7478,34770104
681,2021-08-24,nvidia,217.1557,219.2122,214.9795,217.5550,29729892
682,2021-08-23,nvidia,209.3492,219.5915,209.1395,219.2022,57580658
683,2021-08-20,nvidia,199.5660,208.2916,198.9870,207.8018,67574131
684,2021-08-19,nvidia,194.6046,204.5973,187.2972,197.6393,76655477
685,2021-08-18,nvidia,194.6645,195.9987,189.6731,190.0724,28591348
686,2021-08-17,nvidia,196.5113,197.3598,192.3385,194.2452,20458485
687,2021-08-16,nvidia,201.0035,202.5209,194.1953,199.1567,21115280
688,2021-08-13,nvidia,198.7075,201.7903,198.1684,201.5326,18306286
689,2021-08-12,nvidia,198.3581,199.9453,195.8624,198.7075,15186155
690,2021-08-11,nvidia,200.0851,200.1450,193.9657,196.6510,18592484
691,2021-08-10,nvidia,202.8703,203.9485,198.0041,199.0170,17923778
692,2021-08-09,nvidia,204.1082,204.7270,201.0834,202.6008,14644310
693,2021-08-06,nvidia,204.8868,205.3461,201.7523,203.3096,17849661
694,2021-08-05,nvidia,204.6473,206.9733,203.0700,206.0149,21143537
695,2021-08-04,nvidia,199.5560,202.8304,197.9388,202.3911,23130940
696,2021-08-03,nvidia,197.0603,201.8720,191.8693,197.8090,30181074
697,2021-08-02,nvidia,196.6610,199.2665,193.2769,197.1602,21744397
698,2021-07-30,nvidia,193.8459,195.9622,192.2985,194.6545,18349746
699,2021-07-29,nvidia,194.8541,198.1884,192.9477,196.2817,19078088
700,2021-07-28,nvidia,192.8596,196.1220,189.6232,194.6944,20219115
701,2021-07-27,nvidia,192.3185,195.8824,187.0875,191.7495,24886258
702,2021-07-26,nvidia,192.7777,194.0855,188.8146,192.6080,20394316
703,2021-07-23,nvidia,196.2253,196.6610,192.1688,195.2435,19567198
704,2021-07-22,nvidia,196.0820,198.5278,192.4283,195.6028,32382595
705,2021-07-21,nvidia,188.4951,194.9340,187.0975,193.7660,37101736
706,2021-07-20,nvidia,186.9777,188.0559,181.3275,185.7997,43468654
707,2021-07-19,nvidia,178.8442,190.0923,178.3476,187.4744,18726469
708,2021-07-16,nvidia,189.9775,191.2415,180.4190,181.2975,17205566
709,2021-07-15,nvidia,197.7766,198.1285,188.2605,189.3362,13764113
710,2021-07-14,nvidia,203.2272,203.8262,197.1876,198.0736,9502480
711,2021-07-13,nvidia,203.6540,204.2604,200.7939,202.1516,7267658
712,2021-07-12,nvidia,202.0517,204.9742,201.5301,204.7720,8049619
713,2021-07-09,nvidia,199.2815,200.4557,197.2026,200.1575,7415567
714,2021-07-08,nvidia,198.2233,200.9836,196.6685,198.6850,12582492
715,2021-07-07,nvidia,208.1762,208.3908,202.9706,203.3670,10460682
716,2021-07-06,nvidia,207.0182,208.0614,203.1523,206.6288,11167687
717,2021-07-02,nvidia,204.0495,204.6997,202.5284,204.5175,8584917
718,2021-07-01,nvidia,200.9037,204.2080,199.8455,201.7722,12003374
719,2021-06-30,nvidia,199.6471,201.2781,198.2957,199.6808,8164154
720,2021-06-29,nvidia,198.4829,200.6417,196.2305,199.9229,9190846
721,2021-06-28,nvidia,193.2794,200.4420,192.8576,199.5061,12385914
722,2021-06-25,nvidia,192.4732,193.1221,188.6186,189.9825,6959148
723,2021-06-24,nvidia,191.9467,193.8658,190.5541,191.7245,8023060
724,2021-06-23,nvidia,189.7504,191.1979,188.7522,190.2446,8308926
725,2021-06-22,nvidia,184.3972,189.3112,183.5424,188.5425,14503639
726,2021-06-21,nvidia,184.0353,185.0460,177.9198,183.9554,16809554
727,2021-06-18,nvidia,187.5168,193.4166,185.5202,186.0668,24221357
728,2021-06-17,nvidia,177.4398,188.0259,177.2570,186.2515,20241372
729,2021-06-16,nvidia,177.6014,179.2378,175.5417,177.7960,7678065
730,2021-06-15,nvidia,178.8417,179.8525,176.9745,177.5789,6075761
731,2021-06-14,nvidia,178.7519,180.0846,176.3236,179.8775,8034357
732,2021-06-11,nvidia,174.4942,179.0836,174.1373,177.9458,10407691
733,2021-06-10,nvidia,173.2015,174.6190,171.4645,173.9502,7194261
734,2021-06-09,nvidia,174.8561,175.4476,172.2606,173.2838,9541437
735,2021-06-08,nvidia,174.9308,175.8724,172.1737,174.2297,8096169
736,2021-06-07,nvidia,175.3689,177.7778,171.5924,175.8466,14393873
737,2021-06-04,nvidia,170.7914,176.2657,170.6218,175.4398,15428007
738,2021-06-03,nvidia,166.6820,172.2536,165.5067,169.3667,14500170
739,2021-06-02,nvidia,162.2057,168.8589,162.0385,167.4554,14854189
740,2021-06-01,nvidia,162.3829,163.5618,158.7225,162.3280,11820075
741,2021-05-28,nvidia,154.7078,162.4575,154.7078,162.1283,16113390
742,2021-05-27,nvidia,156.6915,157.1930,154.2986,154.5781,14536880
743,2021-05-26,nvidia,157.0358,157.6296,155.5587,156.6940,9260966
744,2021-05-25,nvidia,157.3527,157.8766,154.5232,156.1725,10885172
745,2021-05-24,nvidia,151.8285,157.1431,151.4642,155.8157,13870405
746,2021-05-21,nvidia,151.3419,151.9233,148.4041,149.6253,16824800
747,2021-05-20,nvidia,142.7462,146.5516,142.4268,145.8402,8039798
748,2021-05-19,nvidia,135.4005,140.5205,135.1685,140.3833,8599984
749,2021-05-18,nvidia,142.3919,143.7617,139.7670,139.8843,4656356
750,2021-05-17,nvidia,141.2940,141.4163,138.2650,141.3789,5424521
751,2021-05-14,nvidia,138.6292,143.0018,137.2170,142.1524,6465375
752,2021-05-13,nvidia,140.0639,140.5330,134.3276,136.3861,7143187
753,2021-05-12,nvidia,139.8219,142.3245,136.8253,137.3168,7585233
754,2021-05-11,nvidia,137.9805,143.2677,137.2320,142.7836,7139634
755,2021-05-10,nvidia,147.5843,147.7714,142.2222,142.3794,6722595
756,2021-05-07,nvidia,147.7938,149.4157,146.4311,147.8338,5733183
757,2021-05-06,nvidia,144.6699,145.4285,141.9037,144.9469,4834523
758,2021-05-05,nvidia,146.8033,147.8462,143.5945,144.3032,7300576
759,2021-05-04,nvidia,146.0872,146.0897,139.8294,143.2328,10133120
760,2021-05-03,nvidia,150.9552,152.1703,147.5867,148.0783,5097796
761,2021-04-30,nvidia,151.4492,153.3505,149.6777,149.8024,5047752
762,2021-04-29,nvidia,153.6998,154.0641,150.4212,152.9488,4329912
763,2021-04-28,nvidia,153.3455,155.0197,151.8586,152.4697,5235405
764,2021-04-27,nvidia,155.4813,156.3995,153.2457,153.5177,4114325
765,2021-04-26,nvidia,151.5544,154.4883,150.9552,154.4783,4944927
766,2021-04-23,nvidia,149.0525,153.0498,148.7121,152.3549,5694305
767,2021-04-22,nvidia,153.4503,154.0847,147.5468,148.2130,6944657
768,2021-04-21,nvidia,150.8928,153.3255,150.7281,153.3056,5419426
769,2021-04-20,nvidia,152.9338,154.6679,149.3383,151.4168,8353326
770,2021-04-19,nvidia,155.0625,157.7669,152.0331,153.3181,10110452
771,2021-04-16,nvidia,160.2180,161.3424,158.3432,158.8148,8380189
772,2021-04-15,nvidia,156.3197,161.8254,156.0103,161.0579,14962017
773,2021-04-14,nvidia,155.9454,156.8982,151.9782,152.4722,9637548
774,2021-04-13,nvidia,152.0181,156.6940,150.9627,156.4894,16905297
775,2021-04-12,nvidia,142.6190,153.2257,141.1169,151.7935,21733050
776,2021-04-09,nvidia,141.8629,143.7991,141.4737,143.7193,4879272
777,2021-04-08,nvidia,142.2497,144.4329,142.2117,142.8909,6110373
778,2021-04-07,nvidia,138.5369,142.1573,136.8477,141.1593,6282109
779,2021-04-06,nvidia,139.7239,140.2673,137.4677,138.3448,4793649
780,2021-04-05,nvidia,138.4047,139.8665,137.0623,139.6023,6391785
781,2021-04-01,nvidia,135.4579,138.4296,134.8491,137.8483,7706865
782,2021-03-31,nvidia,129.9013,134.4424,129.5719,133.2223,7869438
783,2021-03-30,nvidia,128.1692,129.4996,126.8023,128.4666,5005062
784,2021-03-29,nvidia,127.9526,130.3704,126.7524,129.2301,6837997
785,2021-03-26,nvidia,125.3003,128.3119,123.4938,128.1422,9099224
786,2021-03-25,nvidia,124.7513,126.8997,122.4808,125.1082,7378614
787,2021-03-24,nvidia,131.2561,131.3347,126.1212,126.1836,6145963
788,2021-03-23,nvidia,132.2841,133.1849,129.9587,130.4527,5551152
789,2021-03-22,nvidia,128.8758,133.6839,128.8159,131.6055,7445077
790,2021-03-19,nvidia,127.2515,128.9631,125.8791,128.2071,7480174
791,2021-03-18,nvidia,131.1089,131.5830,126.9225,126.9770,7354702
792,2021-03-17,nvidia,130.1433,134.2703,129.6418,133.1524,6096605
793,2021-03-16,nvidia,133.3046,134.8616,130.9118,132.6534,6803240
794,2021-03-15,nvidia,128.3967,131.8101,127.4224,131.6554,5563011
795,2021-03-12,nvidia,126.2359,128.6363,125.6546,128.3094,6099099
796,2021-03-11,nvidia,129.2476,130.2082,127.0968,129.6817,7497857
797,2021-03-10,nvidia,128.1547,129.5470,124.3322,124.4395,9609414
798,2021-03-09,nvidia,121.0660,125.9216,120.3574,124.9584,13045638
799,2021-03-08,nvidia,124.2144,124.4265,115.3997,115.6666,13577792
800,2021-03-05,nvidia,125.2122,125.2122,116.5246,124.3292,13570971
801,2021-03-04,nvidia,127.7139,129.4524,120.5603,123.4188,14333629
802,2021-03-03,nvidia,133.9546,134.2065,127.6939,127.7538,9439757
803,2021-03-02,nvidia,138.6812,138.8857,133.6527,133.7550,6602853
804,2021-03-01,nvidia,138.4318,138.9306,135.2216,138.1000,8829575
805,2021-02-26,nvidia,137.2096,138.2272,133.3035,136.8304,12523260
806,2021-02-25,nvidia,140.1320,143.4178,131.8594,132.7698,20610901
807,2021-02-24,nvidia,140.9036,144.7348,137.2445,144.6574,11207977
808,2021-02-23,nvidia,140.4297,142.0609,133.5879,141.0956,9794483
809,2021-02-22,nvidia,147.4086,150.9854,142.9214,143.2282,8147139
810,2021-02-19,nvidia,149.9004,151.4219,148.1265,148.9226,6793103
811,2021-02-18,nvidia,146.9522,148.3914,145.4157,147.9499,5852020
812,2021-02-17,nvidia,151.3620,151.8860,147.4610,148.7181,6892467
813,2021-02-16,nvidia,150.2970,153.3724,149.1571,152.9509,8048988
814,2021-02-12,nvidia,150.1548,152.5607,147.4111,149.2693,9368937
815,2021-02-11,nvidia,149.4589,152.3722,148.9077,152.1577,11270693
816,2021-02-10,nvidia,144.3008,148.7081,143.0848,147.3039,12133808
817,2021-02-09,nvidia,143.0773,145.4980,141.8988,142.3054,7189003
818,2021-02-08,nvidia,136.9573,144.4055,136.9573,144.0563,10865571
819,2021-02-05,nvidia,136.9352,137.0574,135.1468,135.5983,4228841
820,2021-02-04,nvidia,134.9997,136.4214,133.0727,136.3291,5033462
821,2021-02-03,nvidia,136.0472,138.9980,134.8550,134.9947,6135232
822,2021-02-02,nvidia,133.6802,135.4087,132.5503,135.2566,5510957
823,2021-02-01,nvidia,130.2340,132.4031,128.7316,132.0664,5430108
824,2021-01-29,nvidia,130.4501,133.0417,128.8189,129.5996,6788801
825,2021-01-28,nvidia,129.6644,133.0915,129.3077,130.2107,5707899
826,2021-01-27,nvidia,131.9966,132.0240,127.6441,128.8812,9281821
827,2021-01-26,nvidia,135.4929,136.1345,133.5679,134.0443,4099510
828,2021-01-25,nvidia,137.5014,137.9678,132.0612,136.2193,6277779
829,2021-01-22,nvidia,137.0857,138.0998,135.9599,136.8105,6170464
830,2021-01-21,nvidia,133.8783,139.6725,132.2261,138.3569,8458490
831,2021-01-20,nvidia,130.8168,133.9970,130.2680,133.3509,6464272
832,2021-01-19,nvidia,129.8640,130.6395,128.1454,129.9538,5654672
833,2021-01-15,nvidia,131.9766,132.9469,128.1903,128.3001,6944532
834,2021-01-14,nvidia,135.4386,135.6856,131.5027,131.6997,7078007
835,2021-01-13,nvidia,134.5902,135.9375,133.5430,135.0071,5250711
836,2021-01-12,nvidia,137.2096,137.2295,133.1439,134.5382,7286943
837,2021-01-11,nvidia,133.8797,139.2898,133.3185,135.9026,12975720
838,2021-01-08,nvidia,133.3185,133.9021,130.1209,132.4630,7313215
839,2021-01-07,nvidia,129.3776,133.4707,128.5695,133.1339,11537037
840,2021-01-06,nvidia,131.9217,132.1462,125.5713,125.8557,14510575
841,2021-01-05,nvidia,130.6970,134.1267,130.5698,133.7400,8068998
842,2021-01-04,nvidia,130.7419,136.2118,129.3277,130.8342,14016045
