날짜,회사명,시가,최고가,최저가,종가,거래량
2023-01-02,SK하이닉스,75100₩,76700₩,75000₩,75700₩,1376985₩
2023-01-02,삼성전자,55500₩,56100₩,55200₩,55500₩,10031448₩
2023-01-03,삼성전자,55400₩,56000₩,54500₩,55400₩,13547030₩
2023-01-03,SK하이닉스,75600₩,76300₩,73100₩,75600₩,2719437₩
2023-01-03,NVIDIA,14.8425$,14.9874$,14.0879$,14.3068$,40127658$
2023-01-03,AMD,65.9980$,66.8800$,63.5900$,64.0200$,46851844$
2023-01-04,AMD,65.0000$,65.7900$,63.3100$,64.6600$,47477139$
2023-01-04,NVIDIA,14.5587$,14.8445$,14.2329$,14.7406$,43132360$
2023-01-04,삼성전자,55700₩,58000₩,55600₩,57800₩,20188072₩
2023-01-04,SK하이닉스,75400₩,81900₩,75200₩,81000₩,5154609₩
2023-01-05,삼성전자,58200₩,58800₩,57600₩,58200₩,15682826₩
2023-01-05,AMD,64.1500$,64.3500$,62.3000$,62.3300$,46159549$
2023-01-05,SK하이닉스,83300₩,83300₩,80800₩,81400₩,3510964₩
2023-01-05,NVIDIA,14.4827$,14.5557$,14.1399$,14.2568$,38916811$
2023-01-06,삼성전자,58300₩,59400₩,57900₩,59000₩,17334988₩
2023-01-06,NVIDIA,14.4657$,15.0014$,14.0260$,14.8505$,40504362$
2023-01-06,SK하이닉스,81400₩,83600₩,81100₩,83100₩,3687430₩
2023-01-06,AMD,63.1450$,64.3000$,60.0500$,63.9600$,70161340$
2023-01-09,NVIDIA,15.2753$,16.0468$,15.1323$,15.6191$,50423056$
2023-01-09,AMD,66.2200$,69.3200$,65.6700$,67.2400$,69741257$
2023-01-09,SK하이닉스,84900₩,86000₩,83500₩,86000₩,3948670₩
2023-01-09,삼성전자,59700₩,60700₩,59600₩,60700₩,18640108₩
2023-01-10,삼성전자,60200₩,61100₩,59900₩,60400₩,14859797₩
2023-01-10,AMD,66.6700$,68.1500$,66.5600$,68.0500$,41149630$
2023-01-10,SK하이닉스,85500₩,87200₩,85000₩,86500₩,3105311₩
2023-01-10,NVIDIA,15.4981$,15.9529$,15.4632$,15.8999$,38410126$
2023-01-11,AMD,68.3900$,69.1300$,67.2201$,69.0600$,44470060$
2023-01-11,삼성전자,61000₩,61200₩,60300₩,60500₩,12310751₩
2023-01-11,NVIDIA,15.8305$,16.0188$,15.5541$,15.9918$,35328493$
2023-01-11,SK하이닉스,87800₩,88400₩,86500₩,87300₩,3083961₩
2023-01-12,NVIDIA,16.0908$,16.6275$,15.4831$,16.5016$,55140906$
2023-01-12,삼성전자,61100₩,61200₩,59900₩,60500₩,16102561₩
2023-01-12,SK하이닉스,88100₩,88100₩,85800₩,86800₩,3065582₩
2023-01-12,AMD,70.0700$,71.6500$,67.1800$,70.8000$,70066161$
2023-01-13,삼성전자,60500₩,61200₩,60400₩,60800₩,12510328₩
2023-01-13,NVIDIA,16.2687$,16.9123$,16.1558$,16.8893$,44728706$
2023-01-13,AMD,69.8400$,71.1000$,69.2300$,71.0000$,45757358$
2023-01-13,SK하이닉스,86800₩,87500₩,85400₩,85700₩,2058890₩
2023-01-16,삼성전자,61300₩,61600₩,60800₩,61100₩,10039972₩
2023-01-16,SK하이닉스,86000₩,86500₩,84900₩,85800₩,1512876₩
2023-01-17,NVIDIA,16.8893$,17.7179$,16.8893$,17.6919$,51110216$
2023-01-17,삼성전자,61200₩,61500₩,60600₩,61000₩,9831456₩
2023-01-17,SK하이닉스,86400₩,87200₩,85700₩,86000₩,1586136₩
2023-01-17,AMD,70.8700$,72.6600$,70.6530$,71.5900$,42621340$
2023-01-18,AMD,71.8700$,72.7800$,70.5000$,70.5300$,39538725$
2023-01-18,NVIDIA,17.6569$,17.8628$,17.2721$,17.3671$,43962355$
2023-01-18,SK하이닉스,86400₩,86500₩,84500₩,85100₩,1494262₩
2023-01-18,삼성전자,60700₩,61000₩,59900₩,60400₩,11584041₩
2023-01-19,삼성전자,60500₩,61500₩,60400₩,61500₩,12808490₩
2023-01-19,AMD,68.9750$,69.2536$,67.2650$,67.7100$,47189852$
2023-01-19,NVIDIA,17.0263$,17.1872$,16.7214$,16.7554$,45293160$
2023-01-19,SK하이닉스,84000₩,85800₩,84000₩,85500₩,1674834₩
2023-01-20,SK하이닉스,86300₩,87800₩,86100₩,87600₩,2386074₩
2023-01-20,삼성전자,62100₩,62300₩,61100₩,61800₩,9646327₩
2023-01-20,AMD,68.0100$,70.1300$,67.4500$,70.0700$,47757593$
2023-01-20,NVIDIA,17.0013$,17.8458$,16.8154$,17.8288$,56496712$
2023-01-23,AMD,72.2250$,76.5900$,71.5400$,76.5300$,84293199$
2023-01-23,NVIDIA,18.0537$,19.2340$,17.8073$,19.1820$,65516259$
2023-01-24,AMD,73.7500$,75.6412$,73.4200$,74.7000$,60822606$
2023-01-24,NVIDIA,18.8162$,19.4839$,18.8092$,19.2540$,49620410$
2023-01-25,NVIDIA,18.9017$,19.3589$,18.5694$,19.3119$,44953711$
2023-01-25,AMD,72.9000$,75.1200$,72.0900$,74.9100$,49932595$
2023-01-25,삼성전자,63500₩,63700₩,63000₩,63400₩,16822710₩
2023-01-25,SK하이닉스,92000₩,92000₩,90600₩,91400₩,3611901₩
2023-01-26,삼성전자,63800₩,63900₩,63300₩,63900₩,13278277₩
2023-01-26,NVIDIA,19.6897$,20.1545$,19.2670$,19.7907$,48953542$
2023-01-26,SK하이닉스,90800₩,92300₩,90100₩,92300₩,2319962₩
2023-01-26,AMD,76.5000$,77.0798$,74.2800$,75.1600$,49583948$
2023-01-27,SK하이닉스,91300₩,92800₩,90300₩,91500₩,2553811₩
2023-01-27,NVIDIA,19.4509$,20.6162$,19.3939$,20.3534$,54214198$
2023-01-27,AMD,73.7000$,76.7400$,73.4900$,75.4000$,58118610$
2023-01-27,삼성전자,64400₩,65000₩,63900₩,64600₩,18760182₩
2023-01-30,SK하이닉스,91300₩,91600₩,90000₩,90700₩,2603297₩
2023-01-30,AMD,74.2300$,74.6400$,72.4000$,72.4500$,48105243$
2023-01-30,삼성전자,64900₩,64900₩,63100₩,63300₩,20995234₩
2023-01-30,NVIDIA,19.9386$,20.1285$,19.1390$,19.1510$,48861115$
2023-01-31,삼성전자,63500₩,63700₩,61000₩,61000₩,29746732₩
2023-01-31,AMD,72.2600$,75.2000$,72.0300$,75.1500$,71669107$
2023-01-31,NVIDIA,19.1585$,19.6757$,18.9392$,19.5258$,49801658$
2023-01-31,SK하이닉스,90800₩,90800₩,86800₩,88500₩,5185088₩
2023-02-01,SK하이닉스,91200₩,91400₩,88500₩,91400₩,3889171₩
2023-02-01,삼성전자,62600₩,62700₩,61000₩,61800₩,18570132₩
2023-02-01,NVIDIA,19.6797$,21.1799$,19.5998$,20.9310$,66047704$
2023-02-01,AMD,78.4700$,85.4800$,77.8800$,84.6400$,152548240$
2023-02-02,삼성전자,63200₩,63900₩,62600₩,63500₩,23285984₩
2023-02-02,NVIDIA,20.9880$,21.9364$,20.6882$,21.6966$,56427580$
2023-02-02,AMD,84.2900$,88.9388$,83.2000$,88.3100$,97762091$
2023-02-02,SK하이닉스,94900₩,94900₩,92700₩,93400₩,4350607₩
2023-02-03,SK하이닉스,92400₩,93200₩,91300₩,92200₩,2925123₩
2023-02-03,삼성전자,63900₩,64000₩,63000₩,63800₩,15194598₩
2023-02-03,AMD,86.6550$,88.8014$,85.8300$,86.0900$,66557818$
2023-02-03,NVIDIA,20.9880$,21.7326$,20.7771$,21.0879$,42936595$
2023-02-06,삼성전자,62800₩,63000₩,61600₩,61600₩,15529356₩
2023-02-06,NVIDIA,20.7941$,21.5577$,20.7741$,21.0769$,45219709$
2023-02-06,AMD,84.6300$,86.2800$,83.2240$,83.6800$,53008890$
2023-02-06,SK하이닉스,91400₩,92000₩,89100₩,89100₩,2819903₩
2023-02-07,NVIDIA,21.3698$,22.2463$,21.1379$,22.1603$,66414961$
2023-02-07,SK하이닉스,88800₩,91200₩,88800₩,90800₩,2166265₩
2023-02-07,삼성전자,61900₩,62500₩,61600₩,61900₩,14491039₩
2023-02-07,AMD,84.3200$,86.2500$,82.5200$,85.9100$,65291914$
2023-02-08,NVIDIA,22.3742$,22.8649$,21.9954$,22.1923$,55965122$
2023-02-08,삼성전자,62800₩,63300₩,62400₩,63100₩,12243125₩
2023-02-08,AMD,85.8800$,88.0000$,84.5400$,84.6900$,54140448$
2023-02-08,SK하이닉스,91700₩,95000₩,91600₩,94900₩,3964981₩
2023-02-09,AMD,85.8800$,86.6700$,82.7600$,83.2100$,46525397$
2023-02-09,SK하이닉스,94800₩,94800₩,92600₩,94400₩,2726568₩
2023-02-09,NVIDIA,22.5931$,23.0068$,22.1074$,22.3242$,52387578$
2023-02-09,삼성전자,63000₩,63300₩,62300₩,63000₩,12164865₩
2023-02-10,NVIDIA,21.6776$,22.0650$,20.7991$,21.2528$,55073675$
2023-02-10,AMD,82.2900$,82.7100$,80.4700$,81.4800$,49332598$
2023-02-10,삼성전자,62600₩,63000₩,62400₩,62800₩,9382576₩
2023-02-10,SK하이닉스,94300₩,94700₩,93100₩,93500₩,1971090₩
2023-02-13,NVIDIA,21.5257$,22.0354$,20.9500$,21.7755$,47491862$
2023-02-13,삼성전자,62900₩,63000₩,62300₩,62900₩,10730362₩
2023-02-13,SK하이닉스,92000₩,92000₩,89900₩,90600₩,3159031₩
2023-02-13,AMD,81.5700$,84.1500$,80.9000$,83.1300$,45400008$
2023-02-14,SK하이닉스,91800₩,93500₩,91600₩,93400₩,2185525₩
2023-02-14,AMD,82.7000$,86.1850$,81.7672$,85.9500$,55979653$
2023-02-14,NVIDIA,21.5657$,23.0356$,21.3538$,22.9579$,67547350$
2023-02-14,삼성전자,63600₩,63900₩,63200₩,63200₩,9126664₩
2023-02-15,AMD,85.1000$,85.8900$,83.3200$,85.1800$,46483152$
2023-02-15,NVIDIA,22.5361$,22.8419$,22.0934$,22.7510$,42118826$
2023-02-15,삼성전자,63900₩,63900₩,62000₩,62200₩,13208103₩
2023-02-15,SK하이닉스,93800₩,94200₩,91200₩,91700₩,1801577₩
2023-02-16,AMD,82.9800$,83.3500$,80.0500$,80.0800$,57755166$
2023-02-16,NVIDIA,22.1203$,22.5371$,21.9143$,21.9894$,41202628$
2023-02-16,삼성전자,62500₩,63700₩,62400₩,63700₩,13798831₩
2023-02-16,SK하이닉스,91900₩,93400₩,91600₩,92900₩,1812496₩
2023-02-17,SK하이닉스,91400₩,92700₩,90900₩,92000₩,1691509₩
2023-02-17,NVIDIA,21.6186$,21.7276$,20.9630$,21.3758$,46588764$
2023-02-17,삼성전자,62900₩,63300₩,62400₩,62600₩,10791265₩
2023-02-17,AMD,79.6000$,79.6498$,77.3700$,78.5000$,47826602$
2023-02-20,SK하이닉스,92700₩,93300₩,90700₩,92500₩,1774617₩
2023-02-20,삼성전자,62900₩,63000₩,61800₩,62700₩,12908073₩
2023-02-21,NVIDIA,20.9880$,21.4815$,20.6062$,20.6432$,41001455$
2023-02-21,삼성전자,62700₩,62800₩,62000₩,62100₩,7665046₩
2023-02-21,AMD,77.1500$,78.4550$,76.4500$,76.7700$,44045643$
2023-02-21,SK하이닉스,92500₩,92600₩,90900₩,91200₩,1477419₩
2023-02-22,삼성전자,61500₩,61800₩,61000₩,61100₩,11959088₩
2023-02-22,AMD,76.9300$,78.1299$,75.9201$,76.6100$,50286804$
2023-02-22,NVIDIA,20.6952$,21.0919$,20.4093$,20.7421$,51318432$
2023-02-22,SK하이닉스,89900₩,90300₩,88500₩,89100₩,2301835₩
2023-02-23,AMD,80.6300$,81.7900$,77.9650$,79.7500$,76391342$
2023-02-23,SK하이닉스,90000₩,93700₩,89600₩,92700₩,3659678₩
2023-02-23,NVIDIA,23.4266$,23.8743$,23.0118$,23.6505$,111799541$
2023-02-23,삼성전자,61700₩,62500₩,61500₩,62000₩,13047099₩
2023-02-24,SK하이닉스,93500₩,94000₩,91000₩,91000₩,2496352₩
2023-02-24,NVIDIA,23.2117$,23.4606$,22.9339$,23.2727$,58971591$
2023-02-24,삼성전자,62300₩,62600₩,61300₩,61300₩,10308143₩
2023-02-24,AMD,77.7500$,78.8100$,76.9400$,78.0900$,46700007$
2023-02-27,NVIDIA,23.6565$,23.8663$,23.4406$,23.4876$,45299367$
2023-02-27,AMD,79.6400$,80.1200$,78.5300$,78.7700$,45617297$
2023-02-27,SK하이닉스,90100₩,90300₩,89100₩,90000₩,1893345₩
2023-02-27,삼성전자,60800₩,60800₩,60200₩,60500₩,11155697₩
2023-02-28,삼성전자,60800₩,61400₩,60500₩,60600₩,13715861₩
2023-02-28,AMD,77.8720$,80.1400$,77.4200$,78.5800$,44220135$
2023-02-28,SK하이닉스,91000₩,91000₩,88700₩,89400₩,2082486₩
2023-02-28,NVIDIA,23.3586$,23.8114$,23.1927$,23.2027$,45596280$
2023-03-01,AMD,78.5500$,80.2869$,77.8813$,78.2900$,44265984$
2023-03-01,NVIDIA,23.1787$,23.2423$,22.4951$,22.6850$,46002562$
2023-03-02,SK하이닉스,89400₩,90300₩,87500₩,88100₩,2744038₩
2023-03-02,NVIDIA,22.4751$,23.3670$,22.4192$,23.3007$,39007465$
2023-03-02,삼성전자,60900₩,61800₩,60500₩,60800₩,13095682₩
2023-03-02,AMD,77.5700$,80.9200$,76.6500$,80.4400$,60185875$
2023-03-03,SK하이닉스,88500₩,89200₩,87200₩,87300₩,2239958₩
2023-03-03,NVIDIA,23.3067$,23.8863$,23.1168$,23.8763$,41239330$
2023-03-03,삼성전자,61000₩,61200₩,60500₩,60500₩,10711405₩
2023-03-03,AMD,80.4000$,81.6300$,79.3400$,81.5200$,54536217$
2023-03-06,삼성전자,61100₩,61600₩,60800₩,61500₩,13630602₩
2023-03-06,AMD,82.0300$,83.2986$,81.0400$,81.1600$,54541281$
2023-03-06,SK하이닉스,87900₩,89800₩,87500₩,89700₩,2374415₩
2023-03-06,NVIDIA,23.8773$,24.2341$,23.4736$,23.5405$,43742923$
2023-03-07,NVIDIA,23.5905$,24.1153$,23.2317$,23.2786$,51515388$
2023-03-07,SK하이닉스,89700₩,90000₩,88800₩,88900₩,1610948₩
2023-03-07,삼성전자,61400₩,61400₩,60700₩,60700₩,11473280₩
2023-03-07,AMD,81.0700$,84.8500$,80.6650$,82.1100$,70959009$
2023-03-08,NVIDIA,23.4776$,24.1903$,23.4141$,24.1713$,51357339$
2023-03-08,SK하이닉스,87700₩,87800₩,86400₩,86800₩,2790989₩
2023-03-08,AMD,82.7900$,85.7700$,82.2800$,85.3700$,69529838$
2023-03-08,삼성전자,60100₩,60500₩,59900₩,60300₩,14161857₩
2023-03-09,NVIDIA,24.1653$,24.4442$,23.3734$,23.4266$,50125699$
2023-03-09,AMD,85.2900$,87.8100$,83.5900$,84.0300$,79496691$
2023-03-09,삼성전자,60500₩,60800₩,59900₩,60100₩,14334499₩
2023-03-09,SK하이닉스,87300₩,87800₩,85300₩,85600₩,3315016₩
2023-03-10,SK하이닉스,83800₩,84400₩,83100₩,83300₩,3559824₩
2023-03-10,NVIDIA,23.3996$,23.6175$,22.7169$,22.9558$,47486565$
2023-03-10,삼성전자,59500₩,59700₩,59100₩,59500₩,11902471₩
2023-03-10,AMD,84.4700$,85.4500$,81.6300$,82.6700$,70273562$
2023-03-13,NVIDIA,22.7429$,23.2886$,22.2880$,22.9568$,42189032$
2023-03-13,SK하이닉스,83200₩,84700₩,82400₩,84300₩,2860341₩
2023-03-13,AMD,81.3900$,83.8300$,78.5150$,82.0100$,65269120$
2023-03-13,삼성전자,59900₩,60200₩,59300₩,60000₩,12779724₩
2023-03-14,삼성전자,59400₩,59500₩,59000₩,59000₩,12147346₩
2023-03-14,SK하이닉스,82600₩,83000₩,81100₩,81100₩,3359381₩
2023-03-14,AMD,83.6700$,88.3000$,83.5900$,87.4500$,66616320$
2023-03-14,NVIDIA,23.4866$,24.2093$,23.4506$,24.0533$,47491013$
2023-03-15,AMD,86.7700$,90.4200$,86.2150$,89.6800$,86177424$
2023-03-15,삼성전자,60000₩,60300₩,59600₩,59800₩,10482149₩
2023-03-15,NVIDIA,23.7514$,24.2762$,23.3506$,24.2183$,52448574$
2023-03-15,SK하이닉스,81900₩,82300₩,78800₩,79100₩,5357314₩
2023-03-16,AMD,89.7200$,96.6900$,89.0200$,96.6000$,115980649$
2023-03-16,NVIDIA,24.0173$,25.5777$,23.8844$,25.5307$,58494626$
2023-03-16,삼성전자,59200₩,60200₩,59100₩,59900₩,10611939₩
2023-03-16,SK하이닉스,76700₩,80200₩,76700₩,79000₩,4804196₩
2023-03-17,AMD,96.6600$,98.7500$,95.9364$,97.8400$,94080842$
2023-03-17,NVIDIA,25.9716$,26.3884$,25.6577$,25.7147$,84854656$
2023-03-17,SK하이닉스,81200₩,84800₩,81100₩,84000₩,6239588₩
2023-03-17,삼성전자,60800₩,61300₩,60600₩,61300₩,14090110₩
2023-03-20,AMD,96.3000$,96.9400$,92.9000$,96.8100$,92008949$
2023-03-20,NVIDIA,25.6047$,26.0135$,25.1197$,25.8896$,43274719$
2023-03-20,SK하이닉스,83800₩,85100₩,83000₩,83700₩,2223378₩
2023-03-20,삼성전자,61100₩,61200₩,60200₩,60200₩,9618009₩
2023-03-21,SK하이닉스,84100₩,85100₩,82900₩,83600₩,1880231₩
2023-03-21,AMD,97.0000$,99.4646$,93.6400$,95.9300$,85285333$
2023-03-21,NVIDIA,26.1695$,26.3814$,25.3708$,26.1885$,54740776$
2023-03-21,삼성전자,60500₩,60700₩,60100₩,60300₩,8318514₩
2023-03-22,NVIDIA,26.4144$,27.5779$,26.2265$,26.4574$,79729511$
2023-03-22,AMD,95.6500$,101.7000$,95.6400$,97.5800$,110816317$
2023-03-22,SK하이닉스,85200₩,87300₩,83800₩,86900₩,2667268₩
2023-03-22,삼성전자,61000₩,61200₩,60500₩,61100₩,8978591₩
2023-03-23,삼성전자,60600₩,62300₩,60600₩,62300₩,15381057₩
2023-03-23,SK하이닉스,85400₩,88500₩,85100₩,88500₩,3091673₩
2023-03-23,AMD,100.0500$,102.4300$,98.6710$,100.2800$,84088899$
2023-03-23,NVIDIA,27.1046$,27.4879$,26.6793$,27.1801$,56488876$
2023-03-24,AMD,99.1800$,99.5200$,96.7400$,97.9500$,64743698$
2023-03-24,SK하이닉스,89100₩,90700₩,86700₩,87300₩,4670908₩
2023-03-24,삼성전자,62700₩,63300₩,62300₩,63000₩,18278602₩
2023-03-24,NVIDIA,27.0201$,27.1561$,26.3444$,26.7682$,45541407$
2023-03-27,삼성전자,62600₩,62800₩,62000₩,62100₩,11039331₩
2023-03-27,AMD,98.0200$,98.9300$,95.4250$,96.6100$,57461354$
2023-03-27,SK하이닉스,87500₩,87800₩,84700₩,85500₩,3211190₩
2023-03-27,NVIDIA,26.8262$,26.9891$,26.3544$,26.5203$,36102574$
2023-03-28,SK하이닉스,85300₩,88700₩,85200₩,88400₩,3180431₩
2023-03-28,AMD,96.7700$,96.9400$,92.8700$,94.5600$,59150100$
2023-03-28,NVIDIA,26.4364$,26.5023$,25.8396$,26.3994$,35610378$
2023-03-28,삼성전자,62400₩,62900₩,62100₩,62900₩,11614118₩
2023-03-29,NVIDIA,26.8142$,27.0671$,26.5863$,26.9732$,39369387$
2023-03-29,삼성전자,62500₩,62700₩,62200₩,62700₩,11216008₩
2023-03-29,SK하이닉스,87400₩,88700₩,86500₩,86900₩,3070422₩
2023-03-29,AMD,96.0700$,96.9100$,94.8700$,96.0900$,55325974$
2023-03-30,SK하이닉스,89900₩,90500₩,87700₩,88800₩,4264354₩
2023-03-30,삼성전자,63700₩,63700₩,63100₩,63200₩,15684377₩
2023-03-30,AMD,98.0000$,99.5300$,97.2500$,97.8800$,59678531$
2023-03-30,NVIDIA,27.2181$,27.4879$,27.0911$,27.3720$,36451574$
2023-03-31,SK하이닉스,89200₩,89500₩,87600₩,88600₩,2676327₩
2023-03-31,NVIDIA,27.1291$,27.8231$,27.0941$,27.7658$,43393277$
2023-03-31,AMD,96.3400$,98.3600$,95.2700$,98.0100$,55861066$
2023-03-31,삼성전자,64000₩,64000₩,63700₩,64000₩,14094479₩
2023-04-03,삼성전자,64000₩,64000₩,63000₩,63100₩,11973133₩
2023-04-03,SK하이닉스,89700₩,89700₩,86600₩,87200₩,2502220₩
2023-04-03,NVIDIA,27.4979$,27.9887$,27.3250$,27.9538$,39871560$
2023-04-03,AMD,96.6950$,96.7900$,94.8100$,96.5600$,50655332$
2023-04-04,NVIDIA,27.9548$,27.9887$,27.2960$,27.4420$,36859153$
2023-04-04,AMD,97.0380$,97.2700$,95.2100$,95.8700$,43195876$
2023-04-04,SK하이닉스,85700₩,85900₩,83700₩,84500₩,16808036₩
2023-04-04,삼성전자,63400₩,63800₩,62800₩,63600₩,11120514₩
2023-04-05,NVIDIA,26.8182$,26.9871$,26.3844$,26.8702$,51501474$
2023-04-05,AMD,94.3500$,94.5000$,91.3600$,92.5600$,52979281$
2023-04-05,삼성전자,63700₩,64000₩,63400₩,63900₩,9176149₩
2023-04-05,SK하이닉스,84300₩,85700₩,84100₩,84600₩,4380498₩
2023-04-06,AMD,91.4700$,92.9148$,90.6200$,92.4700$,47778378$
2023-04-06,NVIDIA,26.5733$,27.0691$,26.4164$,27.0261$,39765434$
2023-04-06,삼성전자,63500₩,63600₩,62300₩,62300₩,14992747₩
2023-04-06,SK하이닉스,83900₩,84700₩,82700₩,83800₩,5379170₩
2023-04-07,SK하이닉스,87900₩,89400₩,86000₩,89100₩,10867359₩
2023-04-07,삼성전자,63800₩,65200₩,63800₩,65000₩,27476120₩
2023-04-10,SK하이닉스,88700₩,92500₩,88500₩,90700₩,5387514₩
2023-04-10,NVIDIA,26.8122$,27.6099$,26.6583$,27.5679$,39527855$
2023-04-10,삼성전자,64800₩,66300₩,64700₩,65700₩,18777166₩
2023-04-10,AMD,91.3200$,95.7950$,91.0200$,95.4800$,52536324$
2023-04-11,AMD,96.0600$,96.0700$,92.6900$,94.0300$,51935800$
2023-04-11,SK하이닉스,90700₩,92200₩,89900₩,91800₩,5001836₩
2023-04-11,삼성전자,66200₩,66200₩,65400₩,65900₩,16323183₩
2023-04-11,NVIDIA,27.7124$,27.7788$,27.1151$,27.1581$,31437817$
2023-04-12,NVIDIA,27.3590$,27.4569$,26.4369$,26.4844$,44625895$
2023-04-12,삼성전자,65800₩,66200₩,65300₩,66000₩,15021313₩
2023-04-12,SK하이닉스,91900₩,92000₩,89700₩,90300₩,4751001₩
2023-04-12,AMD,94.9700$,95.0000$,91.7400$,92.3300$,53383124$
2023-04-13,SK하이닉스,89500₩,90300₩,88200₩,88700₩,4907552₩
2023-04-13,AMD,92.7900$,93.1600$,91.8300$,92.0900$,40572482$
2023-04-13,NVIDIA,26.7233$,26.8761$,26.3184$,26.4524$,35361528$
2023-04-13,삼성전자,65600₩,66100₩,65400₩,66100₩,15091022₩
2023-04-14,NVIDIA,26.4933$,26.8722$,26.2095$,26.7472$,39566013$
2023-04-14,AMD,91.8200$,92.9700$,90.5000$,91.7500$,38734794$
2023-04-14,SK하이닉스,90100₩,90300₩,88600₩,89300₩,2324722₩
2023-04-14,삼성전자,66600₩,66600₩,65000₩,65100₩,16176490₩
2023-04-17,AMD,90.2300$,90.6900$,88.3000$,89.8700$,47250782$
2023-04-17,SK하이닉스,89000₩,89000₩,87700₩,88500₩,1877825₩
2023-04-17,NVIDIA,26.5548$,26.9951$,26.4226$,26.9911$,32147130$
2023-04-17,삼성전자,65000₩,65600₩,64700₩,65300₩,13486618₩
2023-04-18,NVIDIA,27.5224$,28.0987$,27.3460$,27.6559$,60481154$
2023-04-18,SK하이닉스,89300₩,89300₩,87300₩,87600₩,1763334₩
2023-04-18,삼성전자,65900₩,66000₩,64800₩,65600₩,14802060₩
2023-04-18,AMD,91.6100$,92.1600$,89.3300$,89.7800$,46246286$
2023-04-19,NVIDIA,27.3500$,27.9887$,27.2211$,27.9198$,35866041$
2023-04-19,SK하이닉스,88000₩,88500₩,86600₩,88200₩,2024519₩
2023-04-19,삼성전자,65500₩,65800₩,65300₩,65500₩,10255985₩
2023-04-19,AMD,88.5100$,90.5400$,88.2200$,89.9400$,37344502$
2023-04-20,NVIDIA,27.6599$,28.0187$,26.9891$,27.0931$,42771326$
2023-04-20,삼성전자,65100₩,65300₩,64600₩,65300₩,9501169₩
2023-04-20,AMD,88.8250$,91.5795$,88.7300$,90.1100$,47082684$
2023-04-20,SK하이닉스,86600₩,88400₩,86200₩,87700₩,1746001₩
2023-04-21,NVIDIA,26.9412$,27.1721$,26.7113$,27.1081$,34510277$
2023-04-21,AMD,89.8000$,89.8000$,88.0550$,88.4300$,41118264$
2023-04-21,SK하이닉스,87700₩,89800₩,87200₩,89100₩,2624982₩
2023-04-21,삼성전자,65800₩,65900₩,65400₩,65700₩,10538622₩
2023-04-24,AMD,88.1100$,88.6400$,86.3400$,87.5700$,40423789$
2023-04-24,NVIDIA,27.0021$,27.3550$,26.6603$,27.0311$,33928186$
2023-04-24,삼성전자,65300₩,65700₩,64800₩,65200₩,12986581₩
2023-04-24,SK하이닉스,88100₩,88800₩,87000₩,87200₩,2054455₩
2023-04-25,AMD,86.9000$,87.0600$,83.7600$,83.8000$,52771477$
2023-04-25,SK하이닉스,87500₩,87800₩,83700₩,85500₩,4096411₩
2023-04-25,삼성전자,65300₩,65400₩,63400₩,63600₩,16193271₩
2023-04-25,NVIDIA,27.0671$,27.2360$,26.2145$,26.2305$,37852716$
2023-04-26,AMD,86.5100$,87.3500$,85.3200$,85.9400$,47786564$
2023-04-26,삼성전자,63600₩,64300₩,63300₩,64100₩,12664541₩
2023-04-26,SK하이닉스,86400₩,88700₩,86200₩,87400₩,3240654₩
2023-04-26,NVIDIA,26.9911$,27.3190$,26.6944$,26.9452$,40633681$
2023-04-27,AMD,86.4100$,87.5650$,84.0900$,87.4400$,53087213$
2023-04-27,삼성전자,64100₩,65000₩,63300₩,64600₩,14779601₩
2023-04-27,SK하이닉스,87900₩,89200₩,86000₩,88800₩,2980163₩
2023-04-27,NVIDIA,27.3520$,27.4839$,26.6143$,27.2151$,37716119$
2023-04-28,삼성전자,65200₩,65900₩,65000₩,65500₩,19699480₩
2023-04-28,SK하이닉스,90800₩,91400₩,88700₩,89500₩,3737493₩
2023-04-28,NVIDIA,27.2141$,27.7468$,27.0606$,27.7378$,29221614$
2023-04-28,AMD,87.0200$,89.7500$,86.4400$,89.3700$,50686053$
2023-05-01,NVIDIA,27.8288$,29.0468$,27.7688$,28.8984$,57032853$
2023-05-01,AMD,91.0300$,91.0400$,88.6100$,89.6900$,59358710$
2023-05-02,삼성전자,66000₩,66300₩,65100₩,65700₩,14396948₩
2023-05-02,AMD,89.3200$,90.4550$,88.1200$,89.9100$,70483508$
2023-05-02,SK하이닉스,90900₩,90900₩,88900₩,90200₩,2427349₩
2023-05-02,NVIDIA,28.6685$,28.8244$,28.0717$,28.1987$,40272957$
2023-05-03,AMD,83.5400$,85.4800$,81.0200$,81.6200$,109482172$
2023-05-03,NVIDIA,27.8288$,28.3556$,27.4610$,27.7908$,38338740$
2023-05-03,삼성전자,65100₩,65600₩,64900₩,65400₩,8876749₩
2023-05-03,SK하이닉스,89000₩,90300₩,88600₩,89800₩,1779615₩
2023-05-04,AMD,81.5700$,91.6400$,81.1100$,86.6100$,122840488$
2023-05-04,삼성전자,65600₩,65700₩,64700₩,65100₩,9791064₩
2023-05-04,NVIDIA,27.6399$,27.8478$,27.2291$,27.5509$,32185041$
2023-05-04,SK하이닉스,88900₩,89600₩,87500₩,88700₩,1794303₩
2023-05-05,NVIDIA,27.8143$,28.7434$,27.7199$,28.6685$,36149408$
2023-05-05,AMD,84.9900$,90.4250$,84.7200$,89.8400$,78491108$
2023-05-08,NVIDIA,28.5105$,29.2083$,28.3386$,29.1393$,34497890$
2023-05-08,SK하이닉스,89700₩,90000₩,87700₩,88700₩,2615242₩
2023-05-08,AMD,89.9900$,95.6550$,89.1700$,95.0400$,95503215$
2023-05-08,삼성전자,66300₩,66300₩,65400₩,65900₩,9405365₩
2023-05-09,AMD,94.8900$,96.1600$,93.4281$,95.0600$,68674788$
2023-05-09,SK하이닉스,88400₩,88600₩,86700₩,87300₩,2297473₩
2023-05-09,NVIDIA,28.8874$,28.9614$,28.4386$,28.5595$,31486946$
2023-05-09,삼성전자,65800₩,65800₩,65100₩,65300₩,9366861₩
2023-05-10,AMD,96.4200$,99.9400$,96.1200$,97.0200$,95619496$
2023-05-10,삼성전자,65500₩,65500₩,64300₩,64600₩,13057727₩
2023-05-10,SK하이닉스,87200₩,87700₩,86300₩,86900₩,2137658₩
2023-05-10,NVIDIA,28.9933$,29.1013$,28.4498$,28.8734$,36934998$
2023-05-11,NVIDIA,28.8844$,28.9384$,28.2346$,28.5665$,32214903$
2023-05-11,SK하이닉스,86900₩,87300₩,85000₩,86300₩,2806299₩
2023-05-11,삼성전자,64700₩,65100₩,64200₩,64200₩,11648905₩
2023-05-11,AMD,98.1550$,99.1900$,96.1400$,97.1000$,57061034$
2023-05-12,SK하이닉스,86300₩,87600₩,86200₩,87200₩,2712372₩
2023-05-12,NVIDIA,28.5175$,28.7684$,28.0347$,28.3286$,27422225$
2023-05-12,삼성전자,63700₩,64600₩,63600₩,64100₩,8693913₩
2023-05-12,AMD,96.8300$,97.4500$,93.6800$,95.2600$,53829709$
2023-05-15,NVIDIA,28.4970$,28.9574$,28.1407$,28.9414$,29392587$
2023-05-15,SK하이닉스,87000₩,87100₩,85500₩,86400₩,2357794₩
2023-05-15,삼성전자,64100₩,64600₩,63900₩,64500₩,8172021₩
2023-05-15,AMD,95.2000$,97.4300$,93.4500$,97.4000$,51749212$
2023-05-16,NVIDIA,28.8294$,29.8580$,28.8204$,29.2013$,44940494$
2023-05-16,SK하이닉스,89500₩,90700₩,88500₩,90400₩,5121364₩
2023-05-16,삼성전자,65800₩,65900₩,65300₩,65400₩,12334657₩
2023-05-16,AMD,97.3900$,103.2800$,97.3100$,101.4800$,90622884$
2023-05-17,삼성전자,65900₩,65900₩,64800₩,65000₩,10745504₩
2023-05-17,SK하이닉스,92000₩,92000₩,90300₩,91900₩,3340386₩
2023-05-17,AMD,101.7900$,104.1400$,100.0500$,103.7500$,75240894$
2023-05-17,NVIDIA,29.5721$,30.1869$,29.4182$,30.1659$,43253541$
2023-05-18,NVIDIA,30.3978$,31.8152$,30.3078$,31.6653$,74872501$
2023-05-18,AMD,103.9800$,108.1000$,103.9300$,107.9300$,74338722$
2023-05-18,SK하이닉스,92800₩,94000₩,92000₩,93600₩,3473641₩
2023-05-18,삼성전자,66000₩,66200₩,65700₩,66200₩,14431704₩
2023-05-19,NVIDIA,31.5233$,31.5673$,30.9036$,31.2514$,47390765$
2023-05-19,SK하이닉스,95000₩,97900₩,94900₩,97300₩,5062669₩
2023-05-19,삼성전자,67800₩,68400₩,67500₩,68400₩,20349344₩
2023-05-19,AMD,106.3600$,107.2900$,104.6201$,105.8200$,67880217$
2023-05-22,SK하이닉스,97700₩,99400₩,97100₩,98200₩,4248401₩
2023-05-22,NVIDIA,30.8886$,31.5073$,30.6677$,31.1635$,37199967$
2023-05-22,AMD,104.6800$,108.7900$,103.4923$,108.0000$,65424234$
2023-05-22,삼성전자,68400₩,69000₩,68000₩,68500₩,14470308₩
2023-05-23,NVIDIA,30.9875$,31.2754$,30.6187$,30.6757$,35625326$
2023-05-23,AMD,107.2500$,110.9900$,107.1900$,108.1200$,73099114$
2023-05-23,삼성전자,68500₩,68700₩,68100₩,68400₩,8561643₩
2023-05-23,SK하이닉스,99000₩,99000₩,97000₩,97900₩,2472514₩
2023-05-24,SK하이닉스,97400₩,97800₩,96300₩,97700₩,2097933₩
2023-05-24,NVIDIA,30.1979$,30.5947$,29.7940$,30.5257$,72141851$
2023-05-24,삼성전자,68100₩,68700₩,68000₩,68500₩,8192896₩
2023-05-24,AMD,105.9800$,108.9100$,105.6400$,108.2700$,65910464$
2023-05-25,SK하이닉스,104300₩,104300₩,101100₩,103500₩,7431586₩
2023-05-25,NVIDIA,38.5075$,39.4641$,36.6203$,37.9647$,154391067$
2023-05-25,삼성전자,69900₩,70000₩,68700₩,68800₩,14231160₩
2023-05-25,AMD,117.3050$,120.6900$,115.8000$,120.3500$,108514669$
2023-05-26,SK하이닉스,107500₩,110500₩,106100₩,109200₩,10136706₩
2023-05-26,AMD,122.4600$,127.4300$,120.8900$,127.0300$,92922750$
2023-05-26,삼성전자,69800₩,70400₩,69500₩,70300₩,19549512₩
2023-05-26,NVIDIA,37.8748$,39.1543$,37.5349$,38.9303$,71439676$
2023-05-30,AMD,130.4150$,130.7900$,123.5100$,125.2700$,98902282$
2023-05-30,NVIDIA,40.5787$,41.9211$,39.9329$,40.0949$,92340110$
2023-05-30,삼성전자,71300₩,72300₩,71200₩,72300₩,27476896₩
2023-05-30,SK하이닉스,113200₩,113400₩,109500₩,110300₩,9058509₩
2023-05-31,SK하이닉스,110000₩,110900₩,108500₩,108600₩,8166685₩
2023-05-31,삼성전자,72400₩,72500₩,71000₩,71400₩,25666088₩
2023-05-31,AMD,122.4200$,123.9600$,117.8600$,118.2100$,87552221$
2023-05-31,NVIDIA,39.4721$,40.2788$,37.8068$,37.8188$,100258020$
2023-06-01,AMD,117.2900$,121.2800$,116.6000$,119.4700$,66032924$
2023-06-01,삼성전자,70900₩,71600₩,70600₩,70900₩,14669296₩
2023-06-01,SK하이닉스,106000₩,110500₩,106000₩,110300₩,5553560₩
2023-06-01,NVIDIA,38.4735$,40.0339$,38.3246$,39.7540$,63587295$
2023-06-02,AMD,120.7500$,121.6600$,117.6750$,117.8600$,52382424$
2023-06-02,삼성전자,71700₩,72200₩,71600₩,72200₩,12161798₩
2023-06-02,SK하이닉스,111000₩,112700₩,109200₩,110300₩,3991904₩
2023-06-02,NVIDIA,40.0809$,40.4837$,39.0423$,39.3112$,48273121$
2023-06-05,SK하이닉스,110100₩,110500₩,108500₩,108700₩,3316020₩
2023-06-05,삼성전자,72700₩,72700₩,71400₩,71700₩,12686829₩
2023-06-05,NVIDIA,38.8934$,39.5491$,38.6914$,39.1553$,39609381$
2023-06-05,AMD,116.5900$,119.3200$,116.4200$,117.9300$,52602861$
2023-06-06,AMD,117.9100$,124.4200$,117.7400$,124.2300$,75257497$
2023-06-06,NVIDIA,38.8144$,39.1443$,38.1327$,38.6385$,38872914$
2023-06-07,삼성전자,71300₩,71600₩,70800₩,71000₩,14796613₩
2023-06-07,NVIDIA,38.9034$,39.4872$,37.3448$,37.4638$,51199789$
2023-06-07,AMD,124.0250$,125.3400$,117.0700$,117.8300$,81755152$
2023-06-07,SK하이닉스,108700₩,109300₩,108000₩,108000₩,3313460₩
2023-06-08,SK하이닉스,107000₩,109700₩,106700₩,109700₩,4355468₩
2023-06-08,삼성전자,70400₩,70900₩,70000₩,70900₩,19165568₩
2023-06-08,NVIDIA,37.7127$,38.8524$,37.4938$,38.4985$,41777240$
2023-06-08,AMD,118.2950$,122.2100$,117.0500$,121.0500$,65246930$
2023-06-09,SK하이닉스,110300₩,115600₩,108300₩,115400₩,7950947₩
2023-06-09,삼성전자,71100₩,72300₩,70800₩,72000₩,15050209₩
2023-06-09,NVIDIA,39.0253$,39.6991$,38.5555$,38.7584$,42771747$
2023-06-09,AMD,123.5700$,127.2500$,123.5500$,124.9200$,75105039$
2023-06-12,SK하이닉스,114400₩,115800₩,114000₩,114800₩,2637721₩
2023-06-12,NVIDIA,39.1883$,39.5182$,38.6065$,39.4702$,38967335$
2023-06-12,AMD,128.5200$,130.4800$,126.4000$,129.1900$,85673077$
2023-06-12,삼성전자,72100₩,72400₩,70800₩,71000₩,12064287₩
2023-06-13,NVIDIA,40.1740$,41.0887$,39.7281$,41.0097$,61320816$
2023-06-13,SK하이닉스,117000₩,120100₩,117000₩,119500₩,6232477₩
2023-06-13,AMD,132.3200$,132.8300$,122.4500$,124.5300$,132461926$
2023-06-13,삼성전자,71700₩,72200₩,71600₩,72000₩,13227285₩
2023-06-14,AMD,126.5250$,127.7250$,123.8100$,127.3300$,95888117$
2023-06-14,NVIDIA,40.8118$,42.9871$,40.5399$,42.9841$,74046502$
2023-06-14,SK하이닉스,118800₩,119700₩,118100₩,118800₩,3240260₩
2023-06-14,삼성전자,72100₩,72200₩,71100₩,71900₩,12541046₩
2023-06-15,삼성전자,72100₩,72300₩,71300₩,71500₩,13614994₩
2023-06-15,NVIDIA,42.5893$,43.2761$,42.1344$,42.6402$,56862204$
2023-06-15,AMD,125.3900$,125.7000$,122.2600$,124.2400$,85587115$
2023-06-15,SK하이닉스,120200₩,121100₩,118000₩,119000₩,3778592₩
2023-06-16,SK하이닉스,117300₩,119800₩,116300₩,118900₩,4303391₩
2023-06-16,NVIDIA,43.4370$,43.7079$,42.6477$,42.6792$,65570941$
2023-06-16,AMD,125.8200$,125.8500$,119.9000$,120.0800$,82007083$
2023-06-16,삼성전자,71800₩,71900₩,70900₩,71800₩,15373696₩
2023-06-19,SK하이닉스,118000₩,118500₩,113500₩,114800₩,4208396₩
2023-06-19,삼성전자,71300₩,71700₩,70900₩,71200₩,11100887₩
2023-06-20,SK하이닉스,114000₩,117000₩,113200₩,116100₩,3319570₩
2023-06-20,NVIDIA,42.9851$,43.9768$,42.6612$,43.7949$,45115311$
2023-06-20,삼성전자,70700₩,71400₩,70400₩,71400₩,11557883₩
2023-06-20,AMD,119.0850$,121.7500$,117.7000$,118.9300$,58851777$
2023-06-21,SK하이닉스,116200₩,117500₩,114600₩,115100₩,2728146₩
2023-06-21,AMD,118.4850$,119.1888$,111.6700$,112.1100$,82835622$
2023-06-21,삼성전자,70700₩,71200₩,70400₩,70500₩,10626603₩
2023-06-21,NVIDIA,43.4880$,43.6020$,42.0674$,43.0321$,55160291$
2023-06-22,AMD,112.2400$,114.0000$,109.8500$,110.7000$,70754783$
2023-06-22,SK하이닉스,114200₩,115900₩,113400₩,114000₩,2612402₩
2023-06-22,NVIDIA,42.2404$,43.4125$,42.2214$,43.0121$,41773743$
2023-06-22,삼성전자,70200₩,71500₩,70100₩,71300₩,11411007₩
2023-06-23,SK하이닉스,114000₩,115200₩,112500₩,113600₩,2987472₩
2023-06-23,삼성전자,72000₩,72200₩,71600₩,71600₩,12329484₩
2023-06-23,AMD,109.3100$,111.0957$,107.4600$,110.0100$,73621951$
2023-06-23,NVIDIA,42.4513$,42.7962$,42.0024$,42.1964$,35813984$
2023-06-26,NVIDIA,42.4483$,42.7512$,40.0880$,40.6199$,59432192$
2023-06-26,삼성전자,71700₩,72500₩,71500₩,72400₩,10541901₩
2023-06-26,SK하이닉스,113100₩,113900₩,111200₩,113500₩,3350758₩
2023-06-26,AMD,110.9500$,112.5500$,107.2000$,107.5100$,68556976$
2023-06-27,SK하이닉스,114000₩,114000₩,110800₩,113000₩,3602087₩
2023-06-27,AMD,108.5650$,110.9700$,107.0800$,110.3900$,59381646$
2023-06-27,NVIDIA,40.7868$,41.9275$,40.4359$,41.8635$,46217470$
2023-06-27,삼성전자,72500₩,72600₩,72000₩,72600₩,9442997₩
2023-06-28,NVIDIA,40.6478$,41.8325$,40.5059$,41.1047$,58263927$
2023-06-28,삼성전자,72600₩,72700₩,72000₩,72700₩,8783093₩
2023-06-28,SK하이닉스,114200₩,115200₩,112800₩,114300₩,3178571₩
2023-06-28,AMD,108.2100$,111.7800$,107.6300$,110.1700$,67534134$
2023-06-29,SK하이닉스,115200₩,117400₩,114500₩,116200₩,4398301₩
2023-06-29,AMD,112.0650$,112.7599$,109.8400$,111.2400$,58347174$
2023-06-29,삼성전자,73100₩,73400₩,72400₩,72400₩,12229967₩
2023-06-29,NVIDIA,41.5456$,41.5876$,40.5879$,40.8098$,38051430$
2023-06-30,AMD,113.0300$,114.6900$,112.4100$,113.9100$,53378774$
2023-06-30,삼성전자,72500₩,72700₩,71700₩,72200₩,11694765₩
2023-06-30,SK하이닉스,114600₩,115500₩,113200₩,115200₩,2674318₩
2023-06-30,NVIDIA,41.6675$,42.5373$,41.4886$,42.2894$,50114775$
2023-07-03,AMD,115.1600$,116.7300$,114.5100$,115.8200$,31859976$
2023-07-03,NVIDIA,42.5043$,42.8852$,42.1894$,42.4003$,19820919$
2023-07-03,SK하이닉스,115300₩,118900₩,115300₩,117600₩,3022009₩
2023-07-03,삼성전자,72700₩,73200₩,72600₩,73000₩,10722181₩
2023-07-04,삼성전자,73400₩,73600₩,72900₩,73000₩,10214350₩
2023-07-04,SK하이닉스,118200₩,118400₩,117200₩,117900₩,1988592₩
2023-07-05,NVIDIA,42.1224$,43.1641$,42.0724$,42.3043$,32361756$
2023-07-05,삼성전자,73000₩,73300₩,71900₩,72000₩,12310610₩
2023-07-05,SK하이닉스,118100₩,118200₩,116100₩,116700₩,2483034₩
2023-07-05,AMD,116.1000$,117.6620$,113.8550$,113.9500$,49501584$
2023-07-06,SK하이닉스,116000₩,116100₩,113100₩,113800₩,3465047₩
2023-07-06,삼성전자,71900₩,72400₩,71500₩,71600₩,14777667₩
2023-07-06,AMD,112.0700$,113.7900$,110.3100$,113.4800$,42411840$
2023-07-06,NVIDIA,41.8315$,42.1664$,41.3336$,42.0904$,30413879$
2023-07-07,SK하이닉스,112700₩,113000₩,111200₩,111800₩,2781723₩
2023-07-07,NVIDIA,42.3093$,43.2011$,42.1674$,42.4903$,35588147$
2023-07-07,삼성전자,71100₩,71400₩,69800₩,69900₩,17308876₩
2023-07-07,AMD,114.1600$,115.3300$,113.0400$,113.1700$,37211287$
2023-07-10,SK하이닉스,111800₩,112900₩,109700₩,110300₩,3163245₩
2023-07-10,삼성전자,70000₩,70400₩,69200₩,69500₩,11713926₩
2023-07-10,NVIDIA,42.6442$,42.7982$,41.6365$,42.1674$,35390811$
2023-07-10,AMD,113.0000$,113.6100$,109.8800$,113.5800$,49330204$
2023-07-11,AMD,111.6600$,113.2700$,109.5000$,111.3200$,59899536$
2023-07-11,SK하이닉스,111500₩,113400₩,111200₩,113400₩,2209391₩
2023-07-11,NVIDIA,42.4683$,42.7452$,42.0544$,42.3923$,29824406$
2023-07-11,삼성전자,70200₩,71500₩,70100₩,71500₩,12177392₩
2023-07-12,SK하이닉스,113200₩,115400₩,112800₩,115400₩,2228477₩
2023-07-12,NVIDIA,43.0201$,43.9219$,42.7645$,43.8889$,48127702$
2023-07-12,삼성전자,71200₩,72000₩,71100₩,71900₩,10375581₩
2023-07-12,AMD,112.8900$,115.3999$,112.3101$,114.5800$,57993090$
2023-07-13,삼성전자,72400₩,72600₩,71900₩,71900₩,14417279₩
2023-07-13,NVIDIA,44.5047$,46.1412$,44.4787$,45.9633$,47820369$
2023-07-13,SK하이닉스,115400₩,117000₩,113600₩,114100₩,3421492₩
2023-07-13,AMD,115.7600$,116.1600$,113.5750$,115.9200$,49206695$
2023-07-14,삼성전자,72500₩,73400₩,72400₩,73400₩,15882519₩
2023-07-14,AMD,116.1700$,122.1200$,115.2500$,115.9400$,91927197$
2023-07-14,NVIDIA,46.5689$,48.0736$,45.0465$,45.4554$,77207533$
2023-07-14,SK하이닉스,115500₩,120200₩,115300₩,118000₩,5817889₩
2023-07-17,삼성전자,73200₩,73500₩,72800₩,73300₩,10060049₩
2023-07-17,SK하이닉스,116900₩,118700₩,116000₩,117200₩,2427281₩
2023-07-17,NVIDIA,46.2752$,46.4821$,45.2489$,46.4471$,51048822$
2023-07-17,AMD,115.9500$,118.8399$,112.7300$,118.3200$,68593288$
2023-07-18,NVIDIA,46.6870$,47.8817$,45.7203$,47.4798$,57019042$
2023-07-18,삼성전자,73200₩,73500₩,72000₩,72000₩,11697900₩
2023-07-18,SK하이닉스,117500₩,119000₩,116700₩,117800₩,2299880₩
2023-07-18,AMD,117.5500$,118.4300$,115.1920$,117.9300$,57980077$
2023-07-19,AMD,121.3000$,121.6699$,115.5500$,116.4300$,70363051$
2023-07-19,삼성전자,72700₩,72800₩,71300₩,71700₩,10896412₩
2023-07-19,SK하이닉스,118700₩,119100₩,116700₩,117500₩,2580301₩
2023-07-19,NVIDIA,47.4498$,47.8037$,46.7280$,47.0629$,42750179$
2023-07-20,NVIDIA,46.4931$,47.0729$,45.0485$,45.5064$,53786451$
2023-07-20,SK하이닉스,116500₩,117500₩,115200₩,116900₩,1949776₩
2023-07-20,AMD,114.9600$,115.0500$,109.2400$,110.2500$,76340398$
2023-07-20,삼성전자,71100₩,71500₩,70800₩,71000₩,9732730₩
2023-07-21,NVIDIA,45.7743$,45.8523$,44.0868$,44.2958$,96376863$
2023-07-21,SK하이닉스,114700₩,115100₩,113200₩,115100₩,2745384₩
2023-07-21,AMD,110.9700$,112.3000$,109.5400$,110.9500$,76815378$
2023-07-21,삼성전자,70400₩,70400₩,69400₩,70300₩,16528926₩
2023-07-24,AMD,110.6170$,111.3100$,108.5500$,110.6100$,45637998$
2023-07-24,삼성전자,70100₩,70900₩,69900₩,70400₩,13418597₩
2023-07-24,SK하이닉스,114100₩,114900₩,112900₩,114000₩,2761991₩
2023-07-24,NVIDIA,44.7176$,45.0955$,44.0268$,44.5987$,38309974$
2023-07-25,NVIDIA,44.9276$,46.1687$,44.9096$,45.6653$,34808091$
2023-07-25,삼성전자,70000₩,70500₩,69800₩,70000₩,14314945₩
2023-07-25,SK하이닉스,114000₩,114200₩,112200₩,113400₩,2678385₩
2023-07-25,AMD,111.1400$,114.0500$,111.0000$,113.0000$,44916262$
2023-07-26,SK하이닉스,116000₩,116100₩,111300₩,113000₩,4995935₩
2023-07-26,삼성전자,69800₩,70600₩,68100₩,69800₩,30016220₩
2023-07-26,AMD,111.9100$,112.3600$,109.3000$,110.0900$,51721689$
2023-07-26,NVIDIA,46.0072$,46.0392$,44.6167$,45.4384$,36423726$
2023-07-27,SK하이닉스,115000₩,124000₩,114100₩,124000₩,9638980₩
2023-07-27,삼성전자,69900₩,71700₩,69300₩,71700₩,24261180₩
2023-07-27,AMD,111.7900$,115.0800$,110.5100$,111.1000$,70677972$
2023-07-27,NVIDIA,46.5051$,47.3808$,45.7363$,45.8863$,45597552$
2023-07-28,NVIDIA,46.6540$,47.0129$,46.3671$,46.7360$,33119424$
2023-07-28,AMD,113.3800$,114.8600$,112.4400$,112.9600$,55525965$
2023-07-28,SK하이닉스,126200₩,129000₩,122000₩,128000₩,8718746₩
2023-07-28,삼성전자,71800₩,72400₩,70100₩,70600₩,19420684₩
2023-07-31,AMD,114.1600$,114.6800$,112.3500$,114.4000$,54187286$
2023-07-31,NVIDIA,46.7400$,47.1159$,46.4921$,46.7150$,25105528$
2023-07-31,삼성전자,70900₩,71000₩,69800₩,69800₩,13035420₩
2023-07-31,SK하이닉스,128000₩,128500₩,122500₩,123400₩,4623350₩
2023-08-01,SK하이닉스,124000₩,126400₩,120700₩,125100₩,4656047₩
2023-08-01,NVIDIA,46.4456$,46.8860$,46.0132$,46.4931$,23927597$
2023-08-01,AMD,114.2600$,118.1900$,113.1600$,117.6000$,97284727$
2023-08-01,삼성전자,70100₩,71200₩,70000₩,71100₩,12299254₩
2023-08-02,SK하이닉스,123300₩,124800₩,118700₩,119500₩,3765478₩
2023-08-02,AMD,119.4900$,119.5000$,107.3800$,109.3500$,173372010$
2023-08-02,삼성전자,70700₩,71000₩,69800₩,69900₩,13835020₩
2023-08-02,NVIDIA,45.8173$,45.8263$,43.3740$,44.2558$,53014157$
2023-08-03,SK하이닉스,119000₩,121300₩,117200₩,120000₩,3498537₩
2023-08-03,AMD,108.9500$,114.9600$,108.9500$,113.1500$,90811558$
2023-08-03,NVIDIA,43.7869$,45.1045$,43.7869$,44.5017$,32507660$
2023-08-03,삼성전자,69900₩,70200₩,68500₩,68800₩,20087090₩
2023-08-04,삼성전자,68800₩,69100₩,68200₩,68300₩,12360193₩
2023-08-04,AMD,114.4800$,118.8500$,113.9600$,115.8200$,83169686$
2023-08-04,NVIDIA,44.9716$,45.6284$,44.3797$,44.6666$,36266618$
2023-08-04,SK하이닉스,118300₩,120900₩,118100₩,120100₩,2375384₩
2023-08-07,삼성전자,67700₩,69200₩,67600₩,68500₩,10968505₩
2023-08-07,AMD,116.3600$,119.0800$,115.4900$,116.8100$,65854765$
2023-08-07,SK하이닉스,120600₩,124900₩,120500₩,121900₩,3724826₩
2023-08-07,NVIDIA,45.0975$,45.5264$,44.5501$,45.4029$,32215354$
2023-08-08,SK하이닉스,121900₩,122400₩,118300₩,118600₩,2729243₩
2023-08-08,NVIDIA,44.8396$,45.2285$,44.0428$,44.6506$,35384343$
2023-08-08,AMD,114.9400$,115.4600$,111.4100$,113.2300$,54141829$
2023-08-08,삼성전자,69000₩,69100₩,67400₩,67600₩,14664709₩
2023-08-09,삼성전자,68000₩,69600₩,67900₩,68900₩,17259672₩
2023-08-09,SK하이닉스,118500₩,119200₩,117200₩,118500₩,2551668₩
2023-08-09,NVIDIA,44.2608$,44.2988$,42.1214$,42.5413$,58644907$
2023-08-09,AMD,112.8900$,113.1500$,108.7800$,110.4700$,56257067$
2023-08-10,NVIDIA,42.1474$,43.5610$,41.8225$,42.3753$,49270530$
2023-08-10,삼성전자,68300₩,68500₩,67800₩,68000₩,10227311₩
2023-08-10,SK하이닉스,117400₩,118500₩,115100₩,118500₩,2622604₩
2023-08-10,AMD,111.3000$,113.8900$,109.4700$,110.2300$,57297792$
2023-08-11,AMD,108.8500$,109.0700$,106.4800$,107.5700$,55667745$
2023-08-11,삼성전자,68400₩,68800₩,67500₩,67500₩,9781038₩
2023-08-11,SK하이닉스,118000₩,119400₩,115200₩,115300₩,2412381₩
2023-08-11,NVIDIA,41.7385$,42.0054$,40.6269$,40.8428$,53308526$
2023-08-14,삼성전자,67500₩,67900₩,66900₩,67300₩,9352343₩
2023-08-14,SK하이닉스,114600₩,117300₩,114000₩,114900₩,2038360₩
2023-08-14,NVIDIA,40.4739$,43.7869$,40.2989$,43.7399$,69028583$
2023-08-14,AMD,106.7500$,111.9900$,105.4200$,111.9800$,57421820$
2023-08-15,NVIDIA,44.5467$,45.2545$,43.6969$,43.9269$,67651151$
2023-08-15,AMD,111.9900$,113.1800$,110.1700$,111.3500$,53816569$
2023-08-16,삼성전자,66700₩,67100₩,66300₩,67000₩,13174578₩
2023-08-16,AMD,110.0863$,110.4388$,106.9800$,107.1900$,54327298$
2023-08-16,NVIDIA,44.5067$,44.6616$,43.3930$,43.4730$,52745068$
2023-08-16,SK하이닉스,117200₩,118500₩,115000₩,115800₩,3870479₩
2023-08-17,NVIDIA,43.9569$,44.0488$,42.9881$,43.3305$,45239482$
2023-08-17,AMD,107.6200$,107.8500$,104.1000$,104.4400$,59064275$
2023-08-17,SK하이닉스,114300₩,115500₩,112500₩,114800₩,3064253₩
2023-08-17,삼성전자,66300₩,66800₩,66000₩,66700₩,10778652₩
2023-08-18,AMD,102.4000$,106.0700$,101.6800$,105.4500$,59916675$
2023-08-18,삼성전자,66000₩,66700₩,65800₩,66300₩,11745006₩
2023-08-18,SK하이닉스,112600₩,118700₩,111800₩,117200₩,3329697₩
2023-08-18,NVIDIA,42.6223$,43.5650$,41.6475$,43.2861$,58376787$
2023-08-21,SK하이닉스,117300₩,118500₩,115600₩,116400₩,2621973₩
2023-08-21,삼성전자,66600₩,67100₩,66300₩,66600₩,9720067₩
2023-08-21,AMD,106.2000$,108.5400$,105.6700$,108.2200$,49319240$
2023-08-21,NVIDIA,44.4807$,47.0509$,44.2088$,46.9530$,69257337$
2023-08-22,NVIDIA,48.1206$,48.1726$,45.3195$,45.6543$,75720691$
2023-08-22,AMD,109.4000$,109.7200$,104.8500$,105.6600$,47335086$
2023-08-22,SK하이닉스,120000₩,120900₩,114900₩,116500₩,3349473₩
2023-08-22,삼성전자,67200₩,67700₩,66300₩,66600₩,10500242₩
2023-08-23,AMD,105.6500$,110.0800$,105.0000$,109.4300$,54656329$
2023-08-23,SK하이닉스,116200₩,116800₩,114100₩,116000₩,2573292₩
2023-08-23,삼성전자,66700₩,67100₩,66400₩,67100₩,9549352₩
2023-08-23,NVIDIA,45.8523$,47.1859$,45.1945$,47.1019$,77904608$
2023-08-24,삼성전자,68300₩,68700₩,67900₩,68200₩,15044463₩
2023-08-24,AMD,111.0600$,111.6400$,100.8710$,101.8000$,109179129$
2023-08-24,SK하이닉스,122300₩,123600₩,120300₩,120900₩,6368401₩
2023-08-24,NVIDIA,50.2010$,50.2510$,47.1449$,47.1489$,115604409$
2023-08-25,NVIDIA,46.9979$,47.7907$,45.0105$,46.0042$,92534052$
2023-08-25,SK하이닉스,117400₩,118300₩,115300₩,116500₩,3533647₩
2023-08-25,AMD,101.1650$,104.1200$,99.5800$,102.2500$,74793086$
2023-08-25,삼성전자,67100₩,67400₩,66900₩,67100₩,7032462₩
2023-08-28,삼성전자,66800₩,67000₩,66500₩,66800₩,5824628₩
2023-08-28,SK하이닉스,117000₩,117500₩,115500₩,115900₩,1746882₩
2023-08-28,NVIDIA,46.4681$,46.9660$,44.8746$,46.8210$,68519223$
2023-08-28,AMD,103.4700$,104.0700$,100.8944$,102.6100$,55386803$
2023-08-29,삼성전자,66900₩,67200₩,66600₩,66800₩,9114352₩
2023-08-29,SK하이닉스,118300₩,120300₩,117100₩,118600₩,2682352₩
2023-08-29,NVIDIA,46.6520$,49.0663$,46.3771$,48.7694$,70139699$
2023-08-29,AMD,102.1100$,106.5700$,101.7900$,105.9200$,50850289$
2023-08-30,SK하이닉스,122400₩,122800₩,119400₩,119400₩,2629711₩
2023-08-30,AMD,105.4020$,107.6700$,104.5000$,106.5900$,54847348$
2023-08-30,삼성전자,67300₩,67700₩,67100₩,67100₩,9181223₩
2023-08-30,NVIDIA,49.0293$,49.9121$,48.4105$,49.2493$,73520598$
2023-08-31,AMD,106.1900$,108.0600$,104.8600$,105.7200$,58918970$
2023-08-31,NVIDIA,49.3652$,49.7291$,48.9434$,49.3402$,52856977$
2023-08-31,삼성전자,67100₩,67200₩,66400₩,66900₩,15964630₩
2023-08-31,SK하이닉스,121000₩,122800₩,120000₩,121800₩,4403695₩
2023-09-01,삼성전자,66800₩,71000₩,66700₩,71000₩,29738236₩
2023-09-01,SK하이닉스,121400₩,122600₩,119600₩,120000₩,2886011₩
2023-09-01,NVIDIA,49.7471$,49.7851$,48.1272$,48.4945$,46383030$
2023-09-01,AMD,107.0000$,110.0600$,106.6100$,109.4500$,54856148$
2023-09-04,삼성전자,72900₩,72900₩,70700₩,71200₩,26286496₩
2023-09-04,SK하이닉스,118300₩,119700₩,116200₩,119200₩,3491280₩
2023-09-05,SK하이닉스,118100₩,121000₩,117700₩,119400₩,1749591₩
2023-09-05,NVIDIA,48.2086$,48.8362$,47.8457$,48.5335$,38265258$
2023-09-05,삼성전자,70900₩,71500₩,70200₩,70700₩,12330239₩
2023-09-05,AMD,109.0000$,111.8200$,106.3000$,110.7800$,66042191$
2023-09-06,NVIDIA,48.4305$,48.5385$,46.5699$,47.0508$,46866957$
2023-09-06,삼성전자,70700₩,70800₩,69700₩,70000₩,11414620₩
2023-09-06,AMD,110.5600$,111.3300$,108.2200$,109.2800$,47736701$
2023-09-06,SK하이닉스,118600₩,120000₩,117800₩,118200₩,1615519₩
2023-09-07,삼성전자,70000₩,70600₩,69600₩,70400₩,13741241₩
2023-09-07,AMD,106.1400$,107.6900$,105.0900$,106.5900$,49080149$
2023-09-07,SK하이닉스,118200₩,120900₩,117100₩,118500₩,2995088₩
2023-09-07,NVIDIA,45.5151$,46.3339$,45.1422$,46.2310$,43332989$
2023-09-08,AMD,107.0200$,109.7370$,105.7500$,106.0900$,46271558$
2023-09-08,NVIDIA,45.9320$,46.5959$,45.2612$,45.5621$,47389994$
2023-09-08,삼성전자,70200₩,70300₩,69600₩,70300₩,10688118₩
2023-09-08,SK하이닉스,117000₩,117100₩,112800₩,113700₩,4943255₩
2023-09-11,SK하이닉스,113700₩,116000₩,112900₩,115900₩,2542590₩
2023-09-11,AMD,107.3150$,107.5100$,103.0000$,105.3200$,50611285$
2023-09-11,삼성전자,70400₩,70800₩,70000₩,70800₩,11785462₩
2023-09-11,NVIDIA,46.1380$,46.1530$,44.3024$,45.1682$,47396555$
2023-09-12,삼성전자,70800₩,71000₩,70400₩,70500₩,11688599₩
2023-09-12,SK하이닉스,115400₩,117500₩,113900₩,116700₩,2749688₩
2023-09-12,NVIDIA,44.7283$,45.6631$,44.5213$,44.8603$,34925634$
2023-09-12,AMD,104.2000$,106.7400$,103.1800$,105.3100$,44413572$
2023-09-13,삼성전자,71100₩,71600₩,70300₩,70900₩,15955797₩
2023-09-13,AMD,105.1000$,108.7400$,104.8300$,107.7100$,44702254$
2023-09-13,NVIDIA,44.5903$,45.9200$,44.4933$,45.4751$,39835535$
2023-09-13,SK하이닉스,117900₩,120700₩,116900₩,118500₩,3860589₩
2023-09-14,NVIDIA,45.9400$,45.9770$,45.1212$,45.5711$,37009720$
2023-09-14,삼성전자,71200₩,71800₩,70800₩,71700₩,21041408₩
2023-09-14,SK하이닉스,118600₩,122200₩,118600₩,122200₩,3948784₩
2023-09-14,AMD,108.4300$,109.1494$,106.2212$,106.6300$,45920612$
2023-09-15,SK하이닉스,122900₩,124400₩,121600₩,122400₩,3579662₩
2023-09-15,삼성전자,71700₩,72300₩,71400₩,72000₩,17823512₩
2023-09-15,NVIDIA,45.3312$,45.5891$,43.7985$,43.8905$,50683051$
2023-09-15,AMD,106.0700$,106.7600$,101.2800$,101.4900$,71103616$
2023-09-18,삼성전자,71300₩,71700₩,70200₩,70200₩,16040727₩
2023-09-18,AMD,100.8150$,102.9900$,99.4500$,102.3700$,49061310$
2023-09-18,NVIDIA,42.7387$,44.2324$,41.9909$,43.9565$,50027079$
2023-09-18,SK하이닉스,120300₩,122900₩,118800₩,119000₩,2356621₩
2023-09-19,AMD,101.7500$,102.8582$,100.7000$,101.6100$,41704110$
2023-09-19,NVIDIA,43.8235$,43.9565$,42.9927$,43.5106$,37306424$
2023-09-19,SK하이닉스,119400₩,121300₩,118600₩,119200₩,1921912₩
2023-09-19,삼성전자,70400₩,70800₩,69600₩,69800₩,11820188₩
2023-09-20,SK하이닉스,118900₩,119700₩,116700₩,118000₩,2228681₩
2023-09-20,AMD,102.3600$,103.9400$,100.2800$,100.3400$,55180576$
2023-09-20,삼성전자,70000₩,70300₩,69500₩,69600₩,10873015₩
2023-09-20,NVIDIA,43.5905$,43.8935$,42.2138$,42.2298$,36710769$
2023-09-21,삼성전자,69200₩,69800₩,68800₩,68900₩,10796336₩
2023-09-21,AMD,98.6000$,98.8700$,95.8400$,96.1100$,59704335$
2023-09-21,NVIDIA,41.5740$,42.0909$,40.9711$,41.0081$,45073596$
2023-09-21,SK하이닉스,116000₩,116900₩,114100₩,116500₩,3151900₩
2023-09-22,SK하이닉스,114300₩,117300₩,114200₩,117300₩,2938386₩
2023-09-22,삼성전자,68300₩,68900₩,68300₩,68800₩,9897840₩
2023-09-22,AMD,96.9200$,98.4200$,95.6100$,96.2000$,52169395$
2023-09-22,NVIDIA,41.5630$,42.1059$,41.2221$,41.6010$,47923631$
2023-09-25,AMD,95.9500$,97.4500$,94.4600$,97.3800$,43223749$
2023-09-25,NVIDIA,41.5820$,42.5268$,41.1681$,42.2128$,41909096$
2023-09-25,SK하이닉스,115900₩,117700₩,115700₩,117000₩,2181722₩
2023-09-25,삼성전자,68500₩,69700₩,68500₩,69400₩,13582516₩
2023-09-26,AMD,96.5000$,97.8300$,95.2700$,95.9600$,42866460$
2023-09-26,NVIDIA,41.9919$,42.8107$,41.6460$,41.9019$,40228209$
2023-09-26,SK하이닉스,117000₩,117200₩,113300₩,115000₩,3237819₩
2023-09-26,삼성전자,70000₩,70000₩,68400₩,68600₩,13143470₩
2023-09-27,삼성전자,68600₩,69100₩,68200₩,68400₩,14886491₩
2023-09-27,SK하이닉스,113000₩,115200₩,112300₩,114700₩,3060751₩
2023-09-27,AMD,96.8200$,99.2300$,96.3500$,98.0700$,51261502$
2023-09-27,NVIDIA,42.3208$,42.8627$,41.6200$,42.4588$,44493520$
2023-09-28,NVIDIA,42.4508$,43.4369$,42.1059$,43.0797$,42466279$
2023-09-28,AMD,97.9400$,104.2000$,97.7600$,102.7600$,72542056$
2023-09-29,AMD,104.6900$,104.9400$,102.5600$,102.8200$,56078641$
2023-09-29,NVIDIA,43.8175$,44.1344$,43.2975$,43.4896$,39782993$
2023-10-02,AMD,102.2100$,103.7100$,101.7000$,103.2700$,45118574$
2023-10-02,NVIDIA,44.0204$,45.1652$,43.8515$,44.7723$,43329821$
2023-10-03,NVIDIA,44.7983$,45.1202$,43.2366$,43.5076$,47084954$
2023-10-03,AMD,101.7963$,103.2900$,99.1700$,100.0800$,48116980$
2023-10-04,SK하이닉스,113000₩,116600₩,113000₩,115400₩,4447702₩
2023-10-04,AMD,100.6500$,104.4000$,100.3400$,104.0700$,51023246$
2023-10-04,삼성전자,67400₩,67700₩,66700₩,67500₩,23361148₩
2023-10-04,NVIDIA,43.7325$,44.1334$,43.2826$,44.0314$,36182086$
2023-10-05,삼성전자,67300₩,67400₩,66700₩,66700₩,16108313₩
2023-10-05,NVIDIA,44.0404$,44.8903$,43.8785$,44.6783$,39348309$
2023-10-05,SK하이닉스,122900₩,122900₩,118100₩,120200₩,6112858₩
2023-10-05,AMD,103.4050$,103.7400$,100.2700$,102.9100$,51789731$
2023-10-06,SK하이닉스,120200₩,121600₩,119000₩,120400₩,4158083₩
2023-10-06,AMD,102.1600$,107.8700$,102.0300$,107.2400$,64864077$
2023-10-06,삼성전자,67100₩,67300₩,66000₩,66000₩,14386527₩
2023-10-06,NVIDIA,44.1834$,45.7791$,44.0164$,45.7521$,43443602$
2023-10-09,AMD,106.0100$,107.3100$,104.7900$,106.9700$,39593192$
2023-10-09,NVIDIA,44.8323$,45.5951$,44.3584$,45.2632$,40967472$
2023-10-10,SK하이닉스,122800₩,124300₩,119500₩,119500₩,5580659₩
2023-10-10,삼성전자,66200₩,67600₩,66200₩,66400₩,19889202₩
2023-10-10,AMD,107.4900$,110.1200$,106.4000$,109.0100$,57105529$
2023-10-10,NVIDIA,45.3002$,46.2490$,45.0782$,45.7881$,36858208$
2023-10-11,AMD,109.1400$,110.1000$,106.9300$,108.3100$,51085635$
2023-10-11,삼성전자,68600₩,69400₩,67900₩,68200₩,25209348₩
2023-10-11,SK하이닉스,123000₩,123900₩,119200₩,119200₩,4293299₩
2023-10-11,NVIDIA,46.1860$,46.8488$,46.0400$,46.7958$,37813689$
2023-10-12,삼성전자,68600₩,69700₩,68200₩,68900₩,19311380₩
2023-10-12,SK하이닉스,121100₩,124200₩,120500₩,124200₩,4016352₩
2023-10-12,AMD,108.4000$,111.3100$,107.5101$,108.7900$,60959430$
2023-10-12,NVIDIA,46.7669$,47.5987$,46.3199$,46.9348$,48132500$
2023-10-13,삼성전자,68000₩,68500₩,67700₩,68000₩,9724086₩
2023-10-13,AMD,108.6500$,108.9700$,104.7500$,105.0900$,52925932$
2023-10-13,SK하이닉스,123100₩,126300₩,122500₩,124700₩,3205273₩
2023-10-13,NVIDIA,46.9498$,47.1058$,45.2702$,45.4511$,47542599$
2023-10-16,AMD,105.4200$,107.4800$,105.0300$,106.4600$,42464511$
2023-10-16,SK하이닉스,124700₩,125200₩,122400₩,124100₩,3008476₩
2023-10-16,삼성전자,67900₩,68500₩,66800₩,67300₩,12599299₩
2023-10-16,NVIDIA,45.0532$,46.2150$,44.9023$,46.0850$,37509924$
2023-10-17,삼성전자,67700₩,69900₩,67400₩,69400₩,17299252₩
2023-10-17,NVIDIA,43.9905$,44.7443$,42.4708$,43.9285$,81233267$
2023-10-17,SK하이닉스,125000₩,130800₩,123500₩,130000₩,6411880₩
2023-10-17,AMD,103.5400$,106.2900$,101.6601$,105.1400$,49642114$
2023-10-18,삼성전자,68900₩,70500₩,68800₩,70500₩,16493184₩
2023-10-18,NVIDIA,42.5818$,43.2096$,41.8159$,42.1868$,62729434$
2023-10-18,AMD,103.3800$,104.7800$,101.7400$,102.1700$,50449952$
2023-10-18,SK하이닉스,128600₩,130700₩,127200₩,130000₩,4760148₩
2023-10-19,삼성전자,69700₩,70000₩,69400₩,69500₩,13985012₩
2023-10-19,SK하이닉스,127600₩,128900₩,125100₩,125700₩,5089745₩
2023-10-19,AMD,103.8100$,105.6000$,101.8400$,102.4000$,52734201$
2023-10-19,NVIDIA,42.8017$,43.2876$,41.8729$,42.0919$,50123308$
2023-10-20,AMD,102.2800$,104.3400$,101.4400$,101.8100$,61317927$
2023-10-20,NVIDIA,41.8809$,42.4608$,41.0691$,41.3780$,47726605$
2023-10-20,SK하이닉스,124300₩,127200₩,122800₩,126200₩,3868266₩
2023-10-20,삼성전자,68900₩,69200₩,68100₩,68800₩,15204495₩
2023-10-23,SK하이닉스,126800₩,127200₩,123500₩,124000₩,2432303₩
2023-10-23,NVIDIA,41.2201$,43.2386$,40.9361$,42.9657$,47853049$
2023-10-23,AMD,100.8120$,102.4200$,99.3150$,100.0100$,50817440$
2023-10-23,삼성전자,68700₩,69100₩,68200₩,68400₩,11625959₩
2023-10-24,AMD,100.9700$,101.7899$,99.3800$,101.6700$,51982918$
2023-10-24,삼성전자,68700₩,68800₩,67700₩,68500₩,12791710₩
2023-10-24,SK하이닉스,125400₩,127000₩,123900₩,126800₩,2802010₩
2023-10-24,NVIDIA,43.0677$,43.6875$,42.6817$,43.6535$,40146337$
2023-10-25,SK하이닉스,127500₩,129000₩,126100₩,127500₩,3053002₩
2023-10-25,NVIDIA,43.3886$,43.6405$,41.5460$,41.7699$,39837922$
2023-10-25,삼성전자,68800₩,68800₩,67900₩,68000₩,10610703₩
2023-10-25,AMD,100.4200$,101.0300$,95.2300$,96.0550$,53424477$
2023-10-26,SK하이닉스,122100₩,124800₩,119500₩,120000₩,5961584₩
2023-10-26,삼성전자,67000₩,67900₩,66700₩,66700₩,15517624₩
2023-10-26,NVIDIA,41.8439$,42.2464$,39.8715$,40.3172$,54100132$
2023-10-26,AMD,95.9900$,97.5200$,93.1150$,93.6700$,49896360$
2023-10-27,NVIDIA,41.1211$,41.1971$,40.0063$,40.4912$,41678441$
2023-10-27,AMD,95.8000$,97.3500$,94.5900$,96.4300$,52458653$
2023-10-27,삼성전자,67100₩,67300₩,66700₩,67300₩,11334726₩
2023-10-27,SK하이닉스,119800₩,120900₩,117500₩,119100₩,5486088₩
2023-10-30,삼성전자,66800₩,67800₩,66700₩,67300₩,10139270₩
2023-10-30,AMD,96.1400$,97.0400$,94.7000$,96.1800$,43716642$
2023-10-30,SK하이닉스,119100₩,121700₩,118700₩,119100₩,2798497₩
2023-10-30,NVIDIA,41.0781$,41.7569$,40.4722$,41.1521$,38802814$
2023-10-31,SK하이닉스,119800₩,120900₩,116300₩,116300₩,3166739₩
2023-10-31,NVIDIA,40.4412$,40.8701$,39.2215$,40.7712$,51796870$
2023-10-31,삼성전자,67600₩,68300₩,66900₩,66900₩,14488892₩
2023-10-31,AMD,96.2350$,98.8188$,94.0700$,98.5000$,79547126$
2023-11-01,NVIDIA,40.8751$,42.3718$,40.8601$,42.3158$,43759290$
2023-11-01,AMD,98.5800$,108.1500$,98.5000$,108.0400$,138641522$
2023-11-01,삼성전자,67500₩,68900₩,67300₩,68600₩,13775256₩
2023-11-01,SK하이닉스,117900₩,120300₩,117000₩,120300₩,2707225₩
2023-11-02,AMD,107.9600$,109.4050$,105.9100$,107.8300$,71376954$
2023-11-02,삼성전자,70000₩,70000₩,69400₩,69700₩,16350031₩
2023-11-02,NVIDIA,43.3186$,43.8745$,42.8847$,43.4966$,40917187$
2023-11-02,SK하이닉스,123900₩,125400₩,123100₩,125300₩,3736208₩
2023-11-03,NVIDIA,44.0104$,45.2992$,43.7135$,44.9952$,42460959$
2023-11-03,AMD,109.0500$,113.3900$,107.8600$,112.2500$,65632202$
2023-11-03,SK하이닉스,126500₩,127200₩,125000₩,125800₩,2796773₩
2023-11-03,삼성전자,69700₩,70200₩,69500₩,69600₩,10322234₩
2023-11-06,AMD,112.6000$,113.0800$,110.2200$,111.7500$,49270370$
2023-11-06,SK하이닉스,125800₩,133000₩,125800₩,133000₩,6923192₩
2023-11-06,삼성전자,69800₩,70900₩,69300₩,70900₩,22228488₩
2023-11-06,NVIDIA,45.2747$,45.9250$,44.8893$,45.7411$,40073335$
2023-11-07,AMD,111.8600$,114.6500$,111.2200$,113.4500$,50550151$
2023-11-07,SK하이닉스,132000₩,133500₩,129300₩,130400₩,4940510₩
2023-11-07,NVIDIA,45.7091$,46.2080$,45.1477$,45.9450$,34316547$
2023-11-07,삼성전자,70600₩,70900₩,70000₩,70900₩,17228732₩
2023-11-08,AMD,113.5500$,115.3166$,112.8800$,113.5900$,41880606$
2023-11-08,SK하이닉스,131600₩,132700₩,126600₩,127600₩,3328279₩
2023-11-08,NVIDIA,46.0900$,46.8568$,45.9580$,46.5639$,34671894$
2023-11-08,삼성전자,71300₩,71400₩,69700₩,69900₩,12901310₩
2023-11-09,SK하이닉스,127700₩,129800₩,126700₩,128000₩,2228081₩
2023-11-09,NVIDIA,47.4567$,48.2195$,46.7399$,46.9398$,54049597$
2023-11-09,삼성전자,69900₩,70800₩,69600₩,70300₩,12301373₩
2023-11-09,AMD,114.0950$,115.8100$,113.0600$,113.4900$,61146862$
2023-11-10,삼성전자,70000₩,70500₩,69500₩,70500₩,9684347₩
2023-11-10,AMD,114.3500$,119.7000$,114.0300$,118.5900$,75204072$
2023-11-10,SK하이닉스,127900₩,130800₩,127000₩,130500₩,2656526₩
2023-11-10,NVIDIA,47.4897$,48.4615$,47.2728$,48.3245$,42244156$
2023-11-13,AMD,118.3400$,118.6800$,116.0000$,116.7900$,46741889$
2023-11-13,삼성전자,71300₩,71300₩,70300₩,70400₩,9246919₩
2023-11-13,NVIDIA,48.3095$,49.1053$,48.0886$,48.6095$,38413570$
2023-11-13,SK하이닉스,133000₩,134100₩,131000₩,131800₩,2644761₩
2023-11-14,NVIDIA,49.6692$,49.8232$,49.0294$,49.6452$,41695387$
2023-11-14,SK하이닉스,133500₩,133500₩,130000₩,130000₩,2589591₩
2023-11-14,AMD,119.7000$,122.1100$,119.2200$,119.8800$,61017449$
2023-11-14,삼성전자,71000₩,71100₩,70600₩,70800₩,9567984₩
2023-11-15,NVIDIA,49.9242$,49.9492$,48.1895$,48.8774$,47549735$
2023-11-15,삼성전자,71600₩,72200₩,71500₩,72200₩,20148676₩
2023-11-15,SK하이닉스,133900₩,134200₩,132100₩,134100₩,3616292₩
2023-11-15,AMD,120.5400$,120.5900$,116.8701$,118.0000$,59555593$
2023-11-16,SK하이닉스,133000₩,134400₩,131200₩,132300₩,2456351₩
2023-11-16,삼성전자,72500₩,73000₩,72300₩,72800₩,15860451₩
2023-11-16,AMD,117.2000$,120.7260$,116.4100$,119.8300$,49661870$
2023-11-16,NVIDIA,48.6684$,49.5139$,48.3195$,49.4693$,33975624$
2023-11-17,NVIDIA,49.5133$,49.7062$,48.9964$,49.2873$,32589691$
2023-11-17,삼성전자,72300₩,73000₩,72300₩,72500₩,11494644₩
2023-11-17,AMD,119.6400$,121.4900$,118.8200$,120.6200$,38538695$
2023-11-17,SK하이닉스,131500₩,132000₩,129100₩,129900₩,2438499₩
2023-11-20,삼성전자,72100₩,73000₩,72100₩,72700₩,10610157₩
2023-11-20,AMD,120.7000$,121.9300$,120.0700$,121.5300$,43173925$
2023-11-20,SK하이닉스,129300₩,132000₩,129300₩,131400₩,2004403₩
2023-11-20,NVIDIA,49.3013$,50.5370$,49.1703$,50.3981$,41614260$
2023-11-21,NVIDIA,50.1151$,50.5060$,49.2113$,49.9332$,56574687$
2023-11-21,삼성전자,73100₩,73400₩,72700₩,72800₩,9712881₩
2023-11-21,SK하이닉스,132000₩,133300₩,131600₩,132000₩,2439306₩
2023-11-21,AMD,120.5400$,120.6500$,117.9400$,119.1600$,41064750$
2023-11-22,AMD,120.0000$,124.7623$,119.9516$,122.5100$,56894486$
2023-11-22,삼성전자,72200₩,73000₩,71900₩,72800₩,11105143₩
2023-11-22,SK하이닉스,129600₩,131600₩,129500₩,131300₩,2128566₩
2023-11-22,NVIDIA,49.8412$,50.3240$,47.6797$,48.7054$,90064233$
2023-11-23,삼성전자,73000₩,73200₩,72200₩,72400₩,6775614₩
2023-11-23,SK하이닉스,130600₩,131400₩,129500₩,130100₩,1839516₩
2023-11-24,AMD,122.0300$,123.2500$,121.5400$,122.3100$,19001007$
2023-11-24,NVIDIA,48.4595$,48.9104$,47.7346$,47.7656$,29464464$
2023-11-24,SK하이닉스,130600₩,131000₩,128000₩,128000₩,1925668₩
2023-11-24,삼성전자,72400₩,72600₩,71700₩,71700₩,6676685₩
2023-11-27,NVIDIA,47.7896$,48.5195$,47.6417$,48.2315$,39566190$
2023-11-27,삼성전자,71500₩,72100₩,71100₩,71300₩,9113857₩
2023-11-27,AMD,122.0700$,123.8900$,121.7720$,122.6500$,32743006$
2023-11-27,SK하이닉스,129200₩,130700₩,128400₩,130700₩,2264243₩
2023-11-28,NVIDIA,48.2255$,48.3124$,47.4627$,47.8106$,40149085$
2023-11-28,AMD,121.9800$,122.5400$,120.7900$,122.0100$,32047063$
2023-11-28,삼성전자,71400₩,72700₩,71300₩,72700₩,13283081₩
2023-11-28,SK하이닉스,132100₩,132100₩,129900₩,131400₩,2562226₩
2023-11-29,SK하이닉스,130200₩,131000₩,128900₩,130400₩,2227853₩
2023-11-29,NVIDIA,48.3685$,48.7514$,47.8496$,48.1296$,38200465$
2023-11-29,AMD,123.9800$,125.7250$,123.4800$,123.8500$,37876317$
2023-11-29,삼성전자,72400₩,72800₩,72200₩,72700₩,9283933₩
2023-11-30,AMD,123.6100$,124.0500$,119.6500$,121.1600$,44494211$
2023-11-30,NVIDIA,48.0136$,48.0996$,46.4119$,46.7599$,52624663$
2023-11-30,삼성전자,72700₩,72800₩,72200₩,72800₩,15783714₩
2023-11-30,SK하이닉스,129900₩,133900₩,129900₩,133900₩,3625365₩
2023-12-01,삼성전자,72400₩,72500₩,71700₩,72000₩,9871284₩
2023-12-01,AMD,119.8800$,121.4001$,118.6450$,121.3900$,37048002$
2023-12-01,SK하이닉스,132200₩,133000₩,130800₩,132600₩,3641222₩
2023-12-01,NVIDIA,46.5149$,47.1898$,46.1770$,46.7549$,36931701$
2023-12-04,AMD,119.7500$,119.9000$,116.3700$,118.5700$,39854418$
2023-12-04,삼성전자,72800₩,72900₩,72400₩,72600₩,10229267₩
2023-12-04,NVIDIA,46.0670$,46.0670$,45.0002$,45.5001$,43754344$
2023-12-04,SK하이닉스,133400₩,134600₩,131100₩,131100₩,2680820₩
2023-12-05,NVIDIA,45.4601$,46.5940$,45.2652$,46.5600$,37171762$
2023-12-05,AMD,117.4300$,118.4900$,116.4500$,118.3800$,39191565$
2023-12-05,삼성전자,72300₩,72400₩,71200₩,71200₩,12129682₩
2023-12-05,SK하이닉스,129700₩,130000₩,125400₩,125900₩,4375531₩
2023-12-06,AMD,120.6900$,122.8313$,116.3800$,116.8200$,60599029$
2023-12-06,삼성전자,71800₩,72100₩,71600₩,71700₩,8123087₩
2023-12-06,NVIDIA,47.2084$,47.3809$,45.4061$,45.4971$,38058955$
2023-12-06,SK하이닉스,126800₩,127500₩,125400₩,125600₩,2667583₩
2023-12-07,AMD,120.7850$,128.6800$,119.5600$,128.3700$,118579097$
2023-12-07,SK하이닉스,125600₩,127800₩,124500₩,125600₩,2478565₩
2023-12-07,삼성전자,71800₩,71900₩,71100₩,71500₩,8862017₩
2023-12-07,NVIDIA,45.6941$,46.6230$,45.5981$,46.5900$,35082255$
2023-12-08,SK하이닉스,128100₩,129100₩,127500₩,127500₩,2762531₩
2023-12-08,NVIDIA,46.5890$,47.7347$,46.5440$,47.4999$,35922370$
2023-12-08,AMD,129.5400$,131.0000$,126.8900$,128.9200$,89341014$
2023-12-08,삼성전자,72100₩,72800₩,71900₩,72600₩,10859463₩
2023-12-11,AMD,130.5600$,135.0400$,128.2500$,134.4100$,98668281$
2023-12-11,삼성전자,72800₩,73000₩,72200₩,73000₩,9861960₩
2023-12-11,SK하이닉스,128700₩,129100₩,127300₩,128900₩,3696790₩
2023-12-11,NVIDIA,47.4849$,47.5249$,45.8241$,46.6210$,50972809$
2023-12-12,SK하이닉스,130600₩,131900₩,130500₩,131000₩,3126577₩
2023-12-12,NVIDIA,46.0401$,47.6599$,46.0401$,47.6509$,37238686$
2023-12-12,삼성전자,73300₩,73500₩,73100₩,73500₩,13758646₩
2023-12-12,AMD,132.2500$,139.8900$,131.9000$,137.6100$,111677821$
2023-12-13,NVIDIA,47.6229$,48.5877$,47.6019$,48.0818$,44779186$
2023-12-13,삼성전자,73300₩,73500₩,72800₩,72800₩,13116766₩
2023-12-13,SK하이닉스,130000₩,132400₩,130000₩,131200₩,2852873₩
2023-12-13,AMD,137.9700$,139.2400$,136.0303$,138.1900$,70651603$
2023-12-14,NVIDIA,48.3838$,48.6637$,47.4159$,48.3438$,39123174$
2023-12-14,삼성전자,74100₩,74300₩,72500₩,73100₩,27567592₩
2023-12-14,AMD,138.8900$,141.8200$,135.7250$,138.0000$,76115174$
2023-12-14,SK하이닉스,133700₩,138300₩,133600₩,136700₩,8217135₩
2023-12-15,NVIDIA,48.1878$,49.3976$,48.1138$,48.8837$,47994758$
2023-12-15,SK하이닉스,137000₩,140000₩,137000₩,140000₩,5011719₩
2023-12-15,삼성전자,73800₩,74000₩,73200₩,73300₩,15419815₩
2023-12-15,AMD,139.5200$,140.8900$,137.2500$,139.1500$,70211795$
2023-12-18,NVIDIA,49.3936$,50.4265$,49.1437$,50.0705$,41258717$
2023-12-18,삼성전자,73300₩,73400₩,72800₩,72900₩,9690551₩
2023-12-18,SK하이닉스,139000₩,140800₩,138900₩,140000₩,2540812₩
2023-12-18,AMD,139.1500$,139.7900$,137.6500$,138.9000$,45199453$
2023-12-19,AMD,138.5700$,143.4700$,138.5550$,140.1500$,63739781$
2023-12-19,SK하이닉스,140000₩,140800₩,138100₩,138200₩,2309721₩
2023-12-19,삼성전자,73000₩,73400₩,72800₩,73400₩,8907632₩
2023-12-19,NVIDIA,49.4176$,49.6936$,48.8887$,49.5976$,46444446$
2023-12-20,NVIDIA,49.6486$,49.9926$,48.0918$,48.1048$,39789439$
2023-12-20,AMD,139.0000$,139.5800$,135.3700$,135.4700$,54671715$
2023-12-20,삼성전자,74200₩,74900₩,73800₩,74800₩,16870156₩
2023-12-20,SK하이닉스,139900₩,140800₩,139300₩,140500₩,3108011₩
2023-12-21,AMD,138.1400$,139.9800$,137.3800$,139.9100$,47179362$
2023-12-21,SK하이닉스,139200₩,140600₩,138100₩,140500₩,2737124₩
2023-12-21,삼성전자,74600₩,75000₩,74300₩,75000₩,13478766₩
2023-12-21,NVIDIA,48.8047$,49.0887$,48.4128$,48.9837$,30042535$
2023-12-22,SK하이닉스,142700₩,143700₩,140600₩,140600₩,3183709₩
2023-12-22,NVIDIA,49.1887$,49.3766$,48.4607$,48.8237$,25250676$
2023-12-22,AMD,140.4800$,140.7000$,138.3100$,139.6000$,35396582$
2023-12-22,삼성전자,75800₩,76300₩,75400₩,75900₩,14515608₩
2023-12-26,NVIDIA,48.9617$,49.5936$,48.9537$,49.2726$,24419952$
2023-12-26,AMD,140.0700$,143.8500$,139.9200$,143.4100$,47157430$
2023-12-26,SK하이닉스,142000₩,142000₩,139400₩,140900₩,2239789₩
2023-12-26,삼성전자,76100₩,76700₩,75700₩,76600₩,13164909₩
2023-12-27,NVIDIA,49.5046$,49.6736$,49.0787$,49.4106$,23364798$
2023-12-27,AMD,144.7200$,146.2500$,143.1800$,146.0700$,49033420$
2023-12-27,SK하이닉스,140800₩,141600₩,139200₩,140400₩,2336777₩
2023-12-27,삼성전자,76700₩,78000₩,76500₩,78000₩,20651042₩
2023-12-28,SK하이닉스,140900₩,141600₩,139500₩,141500₩,2459473₩
2023-12-28,NVIDIA,49.6366$,49.8776$,49.4056$,49.5156$,24658748$
2023-12-28,삼성전자,77700₩,78500₩,77500₩,78500₩,17797536₩
2023-12-28,AMD,146.8000$,150.4100$,145.9506$,148.7600$,63800680$
2023-12-29,NVIDIA,49.8066$,49.9906$,48.7447$,49.5156$,38929330$
2023-12-29,AMD,149.5000$,151.0500$,147.2000$,147.4100$,62079185$
2024-01-02,삼성전자,78200₩,79800₩,78200₩,79600₩,17142848₩
2024-01-02,AMD,144.2800$,144.4000$,137.4300$,138.5800$,64902029$
2024-01-02,SK하이닉스,139700₩,142800₩,139700₩,142400₩,2147458₩
2024-01-02,NVIDIA,49.2376$,49.2886$,47.5889$,48.1618$,41125422$
2024-01-03,삼성전자,78500₩,78800₩,77000₩,77000₩,21753644₩
2024-01-03,NVIDIA,47.4789$,48.1779$,47.3139$,47.5629$,32089617$
2024-01-03,SK하이닉스,140000₩,140800₩,136800₩,136800₩,3257820₩
2024-01-03,AMD,135.7100$,137.4300$,133.7413$,135.3200$,61988583$
2024-01-04,NVIDIA,47.7608$,48.4937$,47.5019$,47.9918$,30653489$
2024-01-04,AMD,134.3000$,137.7000$,134.0000$,136.0100$,58610286$
2024-01-04,삼성전자,76100₩,77300₩,76100₩,76600₩,15324439₩
2024-01-04,SK하이닉스,136800₩,138800₩,135800₩,136400₩,2661970₩
2024-01-05,AMD,136.7800$,141.0100$,136.4377$,138.5800$,69657676$
2024-01-05,삼성전자,76700₩,77100₩,76400₩,76600₩,11304316₩
2024-01-05,NVIDIA,48.4557$,49.5406$,48.2998$,49.0907$,41503927$
2024-01-05,SK하이닉스,135800₩,137500₩,135800₩,137500₩,1846781₩
2024-01-08,삼성전자,77000₩,77500₩,76400₩,76500₩,11088724₩
2024-01-08,AMD,140.3600$,147.1500$,140.1500$,146.1800$,71756913$
2024-01-08,NVIDIA,49.5056$,52.2683$,49.4726$,52.2463$,64250990$
2024-01-08,SK하이닉스,137500₩,137900₩,135400₩,136000₩,2498302₩
2024-01-09,삼성전자,77400₩,77700₩,74300₩,74700₩,26019248₩
2024-01-09,SK하이닉스,139000₩,139500₩,136600₩,137400₩,3473806₩
2024-01-09,AMD,145.9500$,149.8600$,145.0800$,149.2600$,67875666$
2024-01-09,NVIDIA,52.3942$,54.3180$,51.6833$,53.1331$,77310006$
2024-01-10,SK하이닉스,137700₩,138100₩,132100₩,133500₩,3769252₩
2024-01-10,AMD,150.0700$,150.8800$,146.6500$,148.5400$,56951243$
2024-01-10,NVIDIA,53.6091$,54.5930$,53.4821$,54.3430$,53379576$
2024-01-10,삼성전자,75000₩,75200₩,73200₩,73600₩,20259528₩
2024-01-11,AMD,148.5200$,150.3800$,143.6900$,148.0200$,62764597$
2024-01-11,SK하이닉스,132400₩,137100₩,132400₩,136000₩,3594909₩
2024-01-11,NVIDIA,54.9919$,55.3389$,53.5531$,54.8149$,59675877$
2024-01-11,삼성전자,72900₩,73600₩,72700₩,73200₩,57691264₩
2024-01-12,AMD,148.0400$,148.7500$,145.0000$,146.5600$,48293089$
2024-01-12,SK하이닉스,136400₩,137300₩,133400₩,134100₩,1878915₩
2024-01-12,NVIDIA,54.6130$,54.9629$,54.3231$,54.7029$,35299360$
2024-01-12,삼성전자,73000₩,74100₩,72800₩,73100₩,13038939₩
2024-01-15,삼성전자,73200₩,74000₩,73200₩,73900₩,13212339₩
2024-01-15,SK하이닉스,134800₩,135100₩,133300₩,134100₩,1858867₩
2024-01-16,NVIDIA,55.0109$,56.8277$,54.8929$,56.3747$,44957973$
2024-01-16,SK하이닉스,132600₩,133700₩,131100₩,132100₩,3670169₩
2024-01-16,AMD,150.3600$,159.7150$,149.9800$,158.7400$,112711434$
2024-01-16,삼성전자,73500₩,73700₩,72500₩,72600₩,14760415₩
2024-01-17,삼성전자,73100₩,73300₩,71000₩,71000₩,22683660₩
2024-01-17,NVIDIA,56.3397$,56.4634$,54.7329$,56.0458$,47439444$
2024-01-17,SK하이닉스,133800₩,134500₩,129000₩,131000₩,3822702₩
2024-01-17,AMD,158.4500$,160.6400$,154.4000$,160.1700$,104084985$
2024-01-18,AMD,166.2000$,168.6000$,158.2200$,162.6700$,131864888$
2024-01-18,NVIDIA,57.2526$,57.5926$,56.0998$,57.0996$,49165036$
2024-01-18,삼성전자,71600₩,72000₩,70700₩,71700₩,17853396₩
2024-01-18,SK하이닉스,131500₩,136800₩,130600₩,136200₩,3050556₩
2024-01-19,NVIDIA,57.9815$,59.4923$,57.2176$,59.4833$,54350148$
2024-01-19,AMD,165.8000$,174.2500$,162.2000$,174.2300$,140367915$
2024-01-19,SK하이닉스,138700₩,141300₩,137400₩,141300₩,4946040₩
2024-01-19,삼성전자,73500₩,74700₩,73000₩,74700₩,23363428₩
2024-01-22,SK하이닉스,145200₩,145400₩,142300₩,142600₩,3784276₩
2024-01-22,AMD,174.3900$,174.7200$,164.1500$,168.1800$,122973822$
2024-01-22,삼성전자,75900₩,76000₩,75000₩,75100₩,19673376₩
2024-01-22,NVIDIA,60.0413$,60.3232$,59.0624$,59.6463$,45295463$
2024-01-23,AMD,166.5000$,169.6299$,164.2700$,168.4200$,76830455$
2024-01-23,NVIDIA,59.5623$,59.9023$,58.5774$,59.8653$,29465445$
2024-01-23,삼성전자,75700₩,75800₩,74300₩,75200₩,14786224₩
2024-01-23,SK하이닉스,142300₩,142800₩,138300₩,140800₩,2912611₩
2024-01-24,AMD,172.5500$,180.5800$,170.5600$,178.2900$,125516387$
2024-01-24,SK하이닉스,140000₩,141700₩,137600₩,141500₩,2580665₩
2024-01-24,NVIDIA,60.2962$,62.8409$,59.9303$,61.3541$,56027076$
2024-01-24,삼성전자,75200₩,75200₩,73500₩,74000₩,12860661₩
2024-01-25,SK하이닉스,142700₩,143700₩,136900₩,137400₩,4708651₩
2024-01-25,AMD,183.4100$,184.9200$,177.6300$,180.3300$,127171448$
2024-01-25,삼성전자,74200₩,74800₩,73700₩,74100₩,11737747₩
2024-01-25,NVIDIA,62.3420$,62.7109$,60.8422$,61.6091$,48277684$
2024-01-26,SK하이닉스,136200₩,138600₩,136000₩,136000₩,3247410₩
2024-01-26,NVIDIA,60.9521$,61.7750$,60.5652$,61.0231$,39030859$
2024-01-26,AMD,175.2900$,181.2300$,174.1500$,177.2500$,107381172$
2024-01-26,삼성전자,73700₩,74500₩,73300₩,73400₩,11160062₩
2024-01-29,NVIDIA,61.2241$,62.4809$,60.8991$,62.4569$,34873298$
2024-01-29,AMD,178.7700$,178.8850$,174.4000$,177.8300$,89384452$
2024-01-29,삼성전자,73800₩,75200₩,73500₩,74400₩,13976521₩
2024-01-29,SK하이닉스,135500₩,137000₩,135000₩,135000₩,2311854₩
2024-01-30,NVIDIA,62.8919$,63.4848$,62.2520$,62.7659$,41073530$
2024-01-30,AMD,176.1300$,178.4800$,169.5200$,172.0600$,122265677$
2024-01-30,SK하이닉스,135300₩,137800₩,134400₩,136900₩,2297631₩
2024-01-30,삼성전자,75000₩,75300₩,73700₩,74300₩,12244418₩
2024-01-31,삼성전자,73400₩,74000₩,72500₩,72700₩,15703560₩
2024-01-31,AMD,165.7400$,171.3000$,162.5602$,167.6900$,133157264$
2024-01-31,SK하이닉스,134800₩,136600₩,133600₩,134700₩,2815362₩
2024-01-31,NVIDIA,61.4321$,62.2610$,60.6922$,61.5191$,45379487$
2024-02-01,AMD,169.2700$,171.1400$,165.8600$,170.4800$,91576685$
2024-02-01,삼성전자,73000₩,74200₩,72900₩,73600₩,19881032₩
2024-02-01,SK하이닉스,133100₩,135600₩,131700₩,132700₩,3778274₩
2024-02-01,NVIDIA,62.0920$,63.1828$,61.6420$,63.0189$,36914579$
2024-02-02,삼성전자,74000₩,75200₩,73700₩,75200₩,14955881₩
2024-02-02,SK하이닉스,132300₩,135300₩,132200₩,134900₩,3708253₩
2024-02-02,NVIDIA,63.9657$,66.5914$,63.6818$,66.1515$,47657765$
2024-02-02,AMD,173.7900$,179.0000$,173.0500$,177.6600$,82134266$
2024-02-05,NVIDIA,68.2162$,69.4880$,67.1963$,69.3231$,68007801$
2024-02-05,AMD,179.0900$,180.0100$,171.1100$,174.2300$,76349244$
2024-02-05,SK하이닉스,134900₩,135800₩,131700₩,132300₩,3300954₩
2024-02-05,삼성전자,74200₩,74800₩,73500₩,74300₩,19026020₩
2024-02-06,NVIDIA,69.6210$,69.7450$,66.2914$,68.2142$,68311136$
2024-02-06,삼성전자,74300₩,74700₩,73300₩,74400₩,14559254₩
2024-02-06,AMD,173.1500$,173.8800$,165.5000$,167.8800$,68854127$
2024-02-06,SK하이닉스,133700₩,138400₩,132000₩,138000₩,4672324₩
2024-02-07,삼성전자,74600₩,75500₩,74300₩,75000₩,16566445₩
2024-02-07,AMD,169.4700$,172.9700$,168.2000$,170.9400$,53665418$
2024-02-07,NVIDIA,68.3102$,70.2109$,67.5913$,70.0900$,49557455$
2024-02-07,SK하이닉스,136600₩,138500₩,135500₩,138000₩,3348045₩
2024-02-08,SK하이닉스,139000₩,143000₩,137900₩,142800₩,5780714₩
2024-02-08,AMD,170.3300$,172.1700$,168.6000$,169.3500$,43385275$
2024-02-08,NVIDIA,70.0650$,70.7849$,69.4460$,69.6320$,41442211$
2024-02-08,삼성전자,75000₩,75200₩,73600₩,74100₩,20810708₩
2024-02-09,NVIDIA,70.5239$,72.1757$,70.2029$,72.1237$,43663689$
2024-02-09,AMD,171.0000$,175.1000$,168.6601$,172.4800$,56375713$
2024-02-12,AMD,172.6800$,177.4050$,170.6700$,171.9100$,58177053$
2024-02-12,NVIDIA,72.5906$,74.6014$,71.2408$,72.2387$,61371018$
2024-02-13,삼성전자,74800₩,75200₩,74400₩,75200₩,21966744₩
2024-02-13,AMD,167.9400$,173.1700$,164.3000$,171.5400$,63071311$
2024-02-13,NVIDIA,70.3909$,73.4405$,69.6110$,72.1187$,60258015$
2024-02-13,SK하이닉스,146800₩,150000₩,145000₩,150000₩,6902585₩
2024-02-14,AMD,173.4700$,178.7400$,172.8800$,178.7000$,57402522$
2024-02-14,NVIDIA,73.1926$,74.2264$,71.9287$,73.8905$,50491742$
2024-02-14,SK하이닉스,146300₩,149200₩,144900₩,148700₩,4396924₩
2024-02-14,삼성전자,73700₩,74300₩,73700₩,74000₩,12434945₩
2024-02-15,AMD,179.1400$,180.5000$,175.2600$,176.7600$,51126437$
2024-02-15,SK하이닉스,151300₩,152700₩,148000₩,148700₩,3560211₩
2024-02-15,NVIDIA,73.8595$,73.9655$,72.3907$,72.6486$,42012181$
2024-02-15,삼성전자,74200₩,74400₩,73000₩,73000₩,14120600₩
2024-02-16,AMD,177.4500$,180.3301$,173.2500$,173.8700$,53940342$
2024-02-16,삼성전자,73300₩,73400₩,72500₩,72800₩,13444781₩
2024-02-16,SK하이닉스,150600₩,150600₩,145700₩,146800₩,3265836₩
2024-02-16,NVIDIA,74.0904$,74.3924$,72.4916$,72.6036$,49532662$
2024-02-19,SK하이닉스,146200₩,153200₩,146000₩,151300₩,3997323₩
2024-02-19,삼성전자,72800₩,73900₩,72800₩,73800₩,12726404₩
2024-02-20,SK하이닉스,150300₩,151100₩,147500₩,149600₩,3507601₩
2024-02-20,삼성전자,73700₩,73700₩,72800₩,73300₩,14681477₩
2024-02-20,NVIDIA,71.9377$,71.9467$,67.7253$,69.4430$,70483310$
2024-02-20,AMD,171.1400$,171.8100$,162.0000$,165.6900$,66549992$
2024-02-21,삼성전자,73400₩,73700₩,72900₩,73000₩,11503495₩
2024-02-21,AMD,162.7400$,164.9000$,161.8100$,164.2900$,48774556$
2024-02-21,SK하이닉스,147100₩,152200₩,147100₩,149000₩,4278500₩
2024-02-21,NVIDIA,67.9972$,68.8791$,66.2395$,67.4633$,69029813$
2024-02-22,SK하이닉스,154500₩,156500₩,152600₩,156500₩,5966352₩
2024-02-22,AMD,173.2000$,183.8300$,172.0000$,181.8600$,100684733$
2024-02-22,삼성전자,73800₩,73900₩,72700₩,73100₩,15208934₩
2024-02-22,NVIDIA,75.0153$,78.5649$,74.2104$,78.5279$,86509974$
2024-02-23,NVIDIA,80.7796$,82.3834$,77.5600$,78.8068$,82938837$
2024-02-23,SK하이닉스,166900₩,166900₩,159800₩,161400₩,7012032₩
2024-02-23,삼성전자,73600₩,74200₩,72900₩,72900₩,16225166₩
2024-02-23,AMD,181.8600$,183.8000$,174.5500$,176.5200$,69207367$
2024-02-26,AMD,178.7800$,179.8400$,174.8100$,176.0100$,45435093$
2024-02-26,SK하이닉스,158400₩,164800₩,158400₩,161800₩,4329477₩
2024-02-26,NVIDIA,79.6897$,80.6356$,78.4949$,79.0818$,50397273$
2024-02-26,삼성전자,72300₩,73200₩,72200₩,72800₩,14669352₩
2024-02-27,삼성전자,73100₩,73400₩,72700₩,72900₩,13201981₩
2024-02-27,SK하이닉스,159000₩,160000₩,153300₩,153800₩,6107954₩
2024-02-27,AMD,175.9200$,178.4600$,172.4900$,178.0000$,43665241$
2024-02-27,NVIDIA,79.3708$,79.4697$,77.1520$,78.6908$,39170524$
2024-02-28,AMD,176.2500$,176.8400$,173.5900$,176.5400$,35914414$
2024-02-28,NVIDIA,77.6100$,78.9228$,77.1151$,77.6530$,39311040$
2024-02-28,SK하이닉스,154500₩,159200₩,153800₩,158000₩,3666960₩
2024-02-28,삼성전자,72900₩,73900₩,72800₩,73200₩,11795859₩
2024-02-29,NVIDIA,79.0838$,79.9797$,78.3399$,79.1018$,50728898$
2024-02-29,AMD,179.8200$,193.0000$,179.8200$,192.5300$,105538483$
2024-02-29,SK하이닉스,154900₩,158400₩,154500₩,156200₩,3386307₩
2024-02-29,삼성전자,72600₩,73400₩,72000₩,73400₩,21176404₩
2024-03-01,AMD,197.9100$,202.7200$,195.4200$,202.6400$,103820773$
2024-03-01,NVIDIA,79.9897$,82.2894$,79.4248$,82.2684$,47913510$
2024-03-04,AMD,205.1600$,211.0100$,203.5000$,205.3600$,86835338$
2024-03-04,NVIDIA,84.1191$,87.6837$,83.7082$,85.2260$,61561645$
2024-03-04,SK하이닉스,161000₩,168100₩,160700₩,166500₩,5230909₩
2024-03-04,삼성전자,74300₩,75000₩,74000₩,74900₩,23210474₩
2024-03-05,AMD,200.5000$,205.3300$,199.1500$,205.1300$,65407112$
2024-03-05,SK하이닉스,165100₩,169000₩,164100₩,165800₩,3612530₩
2024-03-05,NVIDIA,85.2630$,86.0899$,83.4102$,85.9570$,52063930$
2024-03-05,삼성전자,74600₩,74800₩,73700₩,73700₩,19505124₩
2024-03-06,SK하이닉스,164100₩,165500₩,162700₩,162900₩,2672526₩
2024-03-06,삼성전자,73200₩,73500₩,72700₩,72900₩,21547904₩
2024-03-06,NVIDIA,88.0148$,89.7166$,87.0229$,88.6927$,58252030$
2024-03-06,AMD,210.4300$,214.8109$,207.3200$,210.6300$,86686987$
2024-03-07,AMD,212.5200$,213.8300$,208.2200$,211.3800$,63869038$
2024-03-07,NVIDIA,90.1506$,92.7594$,89.5947$,92.6614$,60811916$
2024-03-07,SK하이닉스,164500₩,165900₩,161000₩,164900₩,3052700₩
2024-03-07,삼성전자,73100₩,73300₩,72200₩,72200₩,14516963₩
2024-03-08,AMD,213.4100$,227.3000$,205.6000$,207.3900$,120815222$
2024-03-08,SK하이닉스,169800₩,174900₩,169300₩,171900₩,5089650₩
2024-03-08,NVIDIA,95.1301$,97.3920$,86.4989$,87.5208$,114226906$
2024-03-08,삼성전자,72800₩,73400₩,72600₩,73300₩,19271348₩
2024-03-11,NVIDIA,86.4219$,88.7897$,84.1591$,85.7670$,67836412$
2024-03-11,SK하이닉스,165000₩,168900₩,164700₩,166600₩,3450905₩
2024-03-11,AMD,203.0100$,203.5500$,196.7010$,198.3900$,73098616$
2024-03-11,삼성전자,72900₩,73100₩,72300₩,72400₩,9740504₩
2024-03-12,NVIDIA,88.0418$,91.9525$,86.1430$,91.9055$,66807515$
2024-03-12,AMD,200.5200$,202.8499$,194.2700$,202.7600$,68951657$
2024-03-12,SK하이닉스,166100₩,167200₩,164000₩,165700₩,3102706₩
2024-03-12,삼성전자,72600₩,73500₩,72100₩,73300₩,13011654₩
2024-03-13,SK하이닉스,168600₩,169700₩,162000₩,163600₩,5072935₩
2024-03-13,NVIDIA,91.0475$,91.4965$,88.4277$,90.8805$,63571289$
2024-03-13,AMD,198.7300$,198.8300$,192.7001$,194.7900$,70526879$
2024-03-13,삼성전자,73700₩,74100₩,73500₩,74100₩,15243134₩
2024-03-14,삼성전자,74400₩,74500₩,73600₩,74300₩,22545540₩
2024-03-14,SK하이닉스,163600₩,164200₩,161100₩,161900₩,3655060₩
2024-03-14,AMD,192.9200$,196.9300$,184.0300$,187.0600$,84490526$
2024-03-14,NVIDIA,89.5697$,90.6386$,86.5929$,87.9368$,60231816$
2024-03-15,NVIDIA,86.9229$,89.5387$,86.2499$,87.8293$,64208616$
2024-03-15,SK하이닉스,159600₩,162900₩,158600₩,161200₩,4099531₩
2024-03-15,삼성전자,73400₩,73700₩,72300₩,72300₩,22580556₩
2024-03-15,AMD,184.8300$,193.7999$,184.4800$,191.0600$,95289509$
2024-03-18,SK하이닉스,161200₩,164500₩,161000₩,164300₩,2696598₩
2024-03-18,NVIDIA,90.3806$,92.3974$,87.0779$,88.4477$,66897593$
2024-03-18,삼성전자,72600₩,73000₩,72500₩,72800₩,11520348₩
2024-03-18,AMD,193.2850$,193.5000$,188.0500$,190.6500$,59306865$
2024-03-19,SK하이닉스,161700₩,161800₩,157600₩,160200₩,4159293₩
2024-03-19,삼성전자,72300₩,73000₩,71700₩,72800₩,15376066₩
2024-03-19,NVIDIA,86.6929$,90.5366$,85.0030$,89.3907$,67217127$
2024-03-19,AMD,183.1600$,185.6127$,177.3602$,181.4200$,83509459$
2024-03-20,AMD,182.0300$,182.6800$,174.0000$,179.7300$,81773114$
2024-03-20,SK하이닉스,160200₩,161400₩,154100₩,156500₩,5692523₩
2024-03-20,NVIDIA,89.7896$,90.4026$,88.2158$,90.3646$,47906279$
2024-03-20,삼성전자,73700₩,77200₩,73400₩,76900₩,50106296₩
2024-03-21,SK하이닉스,165200₩,171400₩,162600₩,170000₩,9205769₩
2024-03-21,삼성전자,79200₩,79300₩,77700₩,79300₩,44569800₩
2024-03-21,AMD,185.9700$,187.6900$,177.6600$,178.6800$,75265596$
2024-03-21,NVIDIA,92.2924$,92.6404$,90.3976$,91.4275$,48037231$
2024-03-22,삼성전자,79600₩,79900₩,77800₩,78900₩,26724760₩
2024-03-22,SK하이닉스,169000₩,173900₩,167400₩,169800₩,5400916₩
2024-03-22,NVIDIA,91.1335$,94.7702$,90.8266$,94.2813$,58671936$
2024-03-22,AMD,177.2100$,180.7600$,175.0500$,179.6500$,57899071$
2024-03-25,SK하이닉스,170500₩,174800₩,168500₩,169400₩,3434516₩
2024-03-25,AMD,172.9000$,182.8000$,172.0000$,178.6300$,71935313$
2024-03-25,NVIDIA,93.9333$,96.7581$,93.5023$,94.9942$,55213608$
2024-03-25,삼성전자,79600₩,79800₩,77800₩,78200₩,18703996₩
2024-03-26,삼성전자,79700₩,80100₩,79200₩,79900₩,30551494₩
2024-03-26,AMD,179.5400$,182.5983$,176.3300$,177.8700$,65322445$
2024-03-26,NVIDIA,95.8431$,96.3671$,92.4944$,92.5534$,51364758$
2024-03-26,SK하이닉스,172000₩,179500₩,171900₩,176600₩,6549669₩
2024-03-27,삼성전자,79200₩,80000₩,79200₩,79800₩,17424596₩
2024-03-27,NVIDIA,93.1044$,93.2324$,89.1157$,90.2426$,58606723$
2024-03-27,AMD,179.9600$,181.2300$,175.4000$,179.5900$,55685645$
2024-03-27,SK하이닉스,176700₩,183000₩,175600₩,181200₩,5774536₩
2024-03-28,SK하이닉스,178000₩,182100₩,178000₩,178200₩,3424716₩
2024-03-28,AMD,179.4700$,183.4000$,178.3000$,180.4900$,57628614$
2024-03-28,삼성전자,79400₩,81000₩,79200₩,80800₩,25084812₩
2024-03-28,NVIDIA,89.9926$,91.2925$,89.1857$,90.3486$,43521227$
2024-03-29,SK하이닉스,179200₩,183900₩,177600₩,183000₩,3035080₩
2024-03-29,삼성전자,81200₩,82500₩,80900₩,82400₩,27126366₩
2024-04-01,NVIDIA,90.2916$,92.2174$,89.1967$,90.3556$,45244149$
2024-04-01,삼성전자,83200₩,83300₩,82000₩,82000₩,20116512₩
2024-04-01,SK하이닉스,186400₩,190500₩,185000₩,185500₩,2723474₩
2024-04-01,AMD,180.1000$,187.2400$,179.9000$,183.3400$,74299905$
2024-04-02,삼성전자,82900₩,85000₩,82900₩,85000₩,37077944₩
2024-04-02,AMD,179.4700$,180.1000$,174.8300$,178.7000$,61598817$
2024-04-02,SK하이닉스,188000₩,190000₩,184400₩,186300₩,4207759₩
2024-04-02,NVIDIA,88.4407$,90.0866$,87.6128$,89.4447$,43306355$
2024-04-03,AMD,177.5400$,182.0500$,176.7000$,180.7700$,49835064$
2024-04-03,삼성전자,84300₩,85000₩,83500₩,84100₩,30493348₩
2024-04-03,NVIDIA,88.4767$,90.3666$,88.3928$,88.9567$,37006655$
2024-04-03,SK하이닉스,182000₩,183700₩,178200₩,179200₩,5416518₩
2024-04-04,AMD,182.9200$,183.0200$,165.6500$,165.8300$,88279957$
2024-04-04,삼성전자,85200₩,85500₩,84300₩,85300₩,25248934₩
2024-04-04,NVIDIA,90.3986$,90.6266$,85.8730$,85.8980$,43496492$
2024-04-04,SK하이닉스,184400₩,188500₩,184000₩,188000₩,5344102₩
2024-04-05,SK하이닉스,184800₩,187600₩,181800₩,182800₩,4043133₩
2024-04-05,NVIDIA,86.8589$,88.4737$,85.9190$,88.0008$,39967846$
2024-04-05,AMD,168.1000$,172.6900$,165.5800$,170.4200$,66080261$
2024-04-05,삼성전자,84500₩,85000₩,83800₩,84500₩,18883752₩
2024-04-08,AMD,168.2000$,171.6599$,166.8200$,169.9000$,43997546$
2024-04-08,SK하이닉스,183900₩,183900₩,180000₩,181200₩,3278855₩
2024-04-08,삼성전자,85200₩,86000₩,84500₩,84500₩,18953232₩
2024-04-08,NVIDIA,88.6927$,88.8227$,86.7249$,87.1259$,28322000$
2024-04-09,SK하이닉스,182300₩,185300₩,181700₩,182900₩,2302751₩
2024-04-09,삼성전자,84500₩,84900₩,83100₩,83600₩,23725956₩
2024-04-09,NVIDIA,87.4348$,87.6278$,83.0152$,85.3470$,50354735$
2024-04-09,AMD,170.2100$,171.6000$,167.2900$,170.7800$,42927985$
2024-04-10,NVIDIA,83.9191$,87.3928$,83.7021$,87.0319$,43192853$
2024-04-10,AMD,166.7100$,169.7752$,164.0000$,167.1400$,59599958$
2024-04-11,삼성전자,83200₩,84700₩,82500₩,84100₩,25538008₩
2024-04-11,NVIDIA,87.4128$,90.7315$,86.9189$,90.6086$,43163727$
2024-04-11,SK하이닉스,182900₩,188400₩,182400₩,188400₩,4098231₩
2024-04-11,AMD,167.5450$,170.9499$,166.5492$,170.5000$,48994531$
2024-04-12,AMD,164.5300$,165.7000$,161.8250$,163.2800$,63519643$
2024-04-12,SK하이닉스,188700₩,191400₩,187000₩,187400₩,3097301₩
2024-04-12,삼성전자,84700₩,84900₩,83200₩,83700₩,17061770₩
2024-04-12,NVIDIA,89.6916$,90.1676$,87.5228$,88.1788$,42680479$
2024-04-15,삼성전자,82900₩,83200₩,81200₩,82200₩,26663772₩
2024-04-15,AMD,164.4300$,164.4400$,158.7600$,160.3200$,61461150$
2024-04-15,NVIDIA,89.0907$,90.6056$,85.9220$,85.9939$,44307695$
2024-04-15,SK하이닉스,185400₩,188400₩,183000₩,188200₩,2672047₩
2024-04-16,NVIDIA,86.4254$,88.1108$,86.0568$,87.4078$,37045302$
2024-04-16,AMD,162.2800$,164.8799$,161.6700$,163.4600$,55302100$
2024-04-16,SK하이닉스,184400₩,185500₩,178300₩,179100₩,4956035₩
2024-04-16,삼성전자,81200₩,81300₩,79400₩,80000₩,31949844₩
2024-04-17,NVIDIA,88.3328$,88.7677$,83.9431$,84.0281$,49539951$
2024-04-17,AMD,163.9700$,164.4500$,153.8800$,154.0200$,75908969$
2024-04-17,SK하이닉스,179600₩,182500₩,177700₩,178700₩,4340591₩
2024-04-17,삼성전자,80700₩,80800₩,78900₩,78900₩,22611632₩
2024-04-18,삼성전자,78800₩,80100₩,78300₩,79600₩,21370190₩
2024-04-18,SK하이닉스,176000₩,183300₩,175400₩,182300₩,4170243₩
2024-04-18,NVIDIA,84.9630$,86.1829$,82.3952$,84.6641$,44726034$
2024-04-18,AMD,155.5100$,156.9600$,152.3200$,155.0800$,52669816$
2024-04-19,SK하이닉스,177200₩,178500₩,169500₩,173300₩,7545976₩
2024-04-19,NVIDIA,83.1432$,84.3171$,75.5998$,76.1938$,87519800$
2024-04-19,AMD,151.5900$,154.2500$,145.2900$,146.6400$,71618197$
2024-04-19,삼성전자,78300₩,78700₩,76300₩,77600₩,31317564₩
2024-04-22,SK하이닉스,170700₩,172400₩,167000₩,171600₩,5882906₩
2024-04-22,NVIDIA,78.0976$,80.0664$,76.3937$,79.5115$,59634051$
2024-04-22,삼성전자,77400₩,77500₩,75100₩,76100₩,30469476₩
2024-04-22,AMD,148.1500$,149.8900$,145.6300$,148.6400$,49397034$
2024-04-23,삼성전자,76400₩,76800₩,75500₩,75500₩,18717700₩
2024-04-23,NVIDIA,80.7624$,82.7622$,80.2574$,82.4162$,43855937$
2024-04-23,SK하이닉스,172600₩,173700₩,169700₩,171000₩,3975371₩
2024-04-23,AMD,151.6500$,153.4950$,150.3500$,152.2700$,46051911$
2024-04-24,삼성전자,77500₩,78800₩,77200₩,78600₩,22166150₩
2024-04-24,SK하이닉스,178900₩,180200₩,176300₩,179800₩,4254632₩
2024-04-24,AMD,156.5600$,157.6598$,150.6300$,151.7400$,43412550$
2024-04-24,NVIDIA,83.9431$,84.0751$,79.1765$,79.6705$,51220753$
2024-04-25,AMD,149.1500$,155.1400$,146.7500$,153.7600$,41471423$
2024-04-25,SK하이닉스,173800₩,176700₩,170600₩,170600₩,5332149₩
2024-04-25,삼성전자,77300₩,77500₩,76300₩,76300₩,15549134₩
2024-04-25,NVIDIA,78.8615$,83.3162$,78.2166$,82.6252$,42464073$
2024-04-26,AMD,154.2400$,158.6300$,153.4252$,157.4000$,42510708$
2024-04-26,SK하이닉스,176200₩,178300₩,174900₩,177800₩,5471765₩
2024-04-26,NVIDIA,83.8111$,88.3237$,83.3802$,87.7278$,55101078$
2024-04-26,삼성전자,77800₩,77900₩,76500₩,76700₩,12755629₩
2024-04-29,삼성전자,77400₩,77600₩,76200₩,76700₩,14664474₩
2024-04-29,NVIDIA,87.5878$,87.9848$,85.2590$,87.7498$,38897076$
2024-04-29,SK하이닉스,179100₩,180400₩,175600₩,175900₩,2892809₩
2024-04-29,AMD,159.0800$,160.7700$,156.2600$,160.2000$,43478221$
2024-04-30,AMD,160.6300$,162.2900$,158.3500$,158.3800$,60742834$
2024-04-30,SK하이닉스,175900₩,179000₩,173800₩,174200₩,3655060₩
2024-04-30,삼성전자,77000₩,78500₩,76600₩,77500₩,19007008₩
2024-04-30,NVIDIA,87.2328$,88.8117$,86.2929$,86.3949$,36370870$
2024-05-01,AMD,148.1100$,151.3700$,142.1400$,144.2700$,89413168$
2024-05-01,NVIDIA,85.0700$,85.9929$,81.2479$,83.0342$,55986317$
2024-05-02,SK하이닉스,169000₩,174700₩,169000₩,173600₩,3168250₩
2024-05-02,삼성전자,77600₩,78600₩,77300₩,78000₩,18900640₩
2024-05-02,AMD,145.5100$,147.6200$,141.1550$,146.1600$,50034730$
2024-05-02,NVIDIA,84.4421$,86.2299$,83.1932$,85.8100$,37789754$
2024-05-03,SK하이닉스,177000₩,177500₩,173200₩,173200₩,2336256₩
2024-05-03,AMD,148.7500$,150.7900$,147.2384$,150.6000$,49361081$
2024-05-03,삼성전자,79000₩,79000₩,77500₩,77600₩,13151889₩
2024-05-03,NVIDIA,87.7818$,89.2737$,87.0329$,88.7817$,39834072$
2024-05-06,AMD,153.1000$,156.6500$,151.2600$,155.7800$,44624546$
2024-05-06,NVIDIA,89.3827$,92.2124$,89.0477$,92.1324$,37620255$
2024-05-07,NVIDIA,91.0905$,91.7735$,89.0037$,90.5466$,43734161$
2024-05-07,AMD,156.3200$,157.7000$,153.6600$,154.4300$,37374906$
2024-05-07,SK하이닉스,179400₩,180900₩,179300₩,179600₩,4349589₩
2024-05-07,삼성전자,79600₩,81300₩,79400₩,81300₩,26238868₩
2024-05-08,SK하이닉스,177600₩,179400₩,176000₩,178000₩,2304744₩
2024-05-08,NVIDIA,89.4752$,91.1865$,89.4127$,90.4046$,32572102$
2024-05-08,삼성전자,80800₩,81400₩,80500₩,81300₩,13089576₩
2024-05-08,AMD,153.4000$,155.3300$,152.5200$,153.6200$,28727963$
2024-05-09,AMD,153.1300$,154.0920$,150.6100$,152.3900$,33017962$
2024-05-09,NVIDIA,90.5216$,91.0645$,88.2238$,88.7397$,37801268$
2024-05-09,SK하이닉스,179000₩,179400₩,175400₩,175400₩,2861600₩
2024-05-09,삼성전자,81100₩,81500₩,79700₩,79700₩,18759936₩
2024-05-10,AMD,154.2874$,156.3700$,151.3100$,151.9200$,37652770$
2024-05-10,삼성전자,80400₩,81100₩,78900₩,79200₩,16976124₩
2024-05-10,NVIDIA,90.2971$,91.3935$,89.2197$,89.8706$,33532541$
2024-05-10,SK하이닉스,176500₩,180100₩,176400₩,179900₩,2813668₩
2024-05-13,SK하이닉스,180000₩,184000₩,179000₩,183800₩,3230023₩
2024-05-13,삼성전자,79400₩,79900₩,77600₩,78400₩,18652344₩
2024-05-13,AMD,151.2800$,153.3300$,150.4000$,150.5600$,27859183$
2024-05-13,NVIDIA,90.4706$,90.9905$,88.5217$,90.3916$,28968017$
2024-05-14,삼성전자,78600₩,78800₩,77900₩,78300₩,11763992₩
2024-05-14,SK하이닉스,184200₩,185800₩,181800₩,185300₩,2763069₩
2024-05-14,AMD,150.4300$,153.4879$,148.7800$,153.1600$,31938277$
2024-05-14,NVIDIA,89.5917$,91.6435$,88.9267$,91.3485$,29650708$
2024-05-15,AMD,155.5880$,159.6900$,154.7000$,159.6700$,43195901$
2024-05-15,NVIDIA,92.4644$,94.8542$,91.5915$,94.6222$,41773545$
2024-05-16,SK하이닉스,191100₩,194000₩,191100₩,193000₩,5083178₩
2024-05-16,NVIDIA,94.9022$,95.8111$,94.0953$,94.3513$,32395182$
2024-05-16,AMD,160.9200$,168.0600$,159.9000$,162.6200$,76726728$
2024-05-16,삼성전자,80200₩,80300₩,78100₩,78200₩,20989778₩
2024-05-17,SK하이닉스,192000₩,193500₩,189900₩,189900₩,2841394₩
2024-05-17,삼성전자,78600₩,78800₩,77200₩,77400₩,15918201₩
2024-05-17,AMD,168.4300$,169.7200$,162.3200$,164.4700$,65944362$
2024-05-17,NVIDIA,94.3613$,94.7322$,91.7985$,92.4714$,35969103$
2024-05-20,삼성전자,78100₩,79100₩,77900₩,78900₩,19456784₩
2024-05-20,AMD,165.5500$,168.4900$,164.4700$,166.3300$,45618044$
2024-05-20,SK하이닉스,192300₩,193200₩,188600₩,190100₩,3592128₩
2024-05-20,NVIDIA,93.7423$,95.1922$,93.4323$,94.7722$,31876446$
2024-05-21,삼성전자,78500₩,79000₩,78200₩,78400₩,13690583₩
2024-05-21,AMD,164.0000$,165.8300$,163.1000$,164.6600$,30005478$
2024-05-21,SK하이닉스,193400₩,193500₩,191200₩,192000₩,2468109₩
2024-05-21,NVIDIA,93.5913$,95.3922$,93.1724$,95.3782$,32894646$
2024-05-22,SK하이닉스,191900₩,197700₩,190900₩,197700₩,3949439₩
2024-05-22,NVIDIA,95.4512$,96.0121$,93.2414$,94.9422$,54864799$
2024-05-22,AMD,167.4100$,169.8148$,163.8600$,165.5200$,47426719$
2024-05-22,삼성전자,78100₩,78700₩,77300₩,77700₩,19521506₩
2024-05-23,삼성전자,77700₩,79100₩,77100₩,78300₩,18728088₩
2024-05-23,AMD,170.1800$,173.1400$,158.2700$,160.4300$,91888841$
2024-05-23,SK하이닉스,203500₩,204000₩,198200₩,200000₩,4681849₩
2024-05-23,NVIDIA,102.0196$,106.3113$,101.5117$,103.7905$,83506528$
2024-05-24,AMD,161.4120$,167.6600$,160.2500$,166.3600$,54868646$
2024-05-24,SK하이닉스,199800₩,202500₩,197500₩,198600₩,3793872₩
2024-05-24,삼성전자,76800₩,77000₩,75700₩,75900₩,27891278₩
2024-05-24,NVIDIA,104.4404$,106.4663$,102.9916$,106.4603$,42949367$
2024-05-27,SK하이닉스,203500₩,209000₩,199100₩,201500₩,4774882₩
2024-05-27,삼성전자,75300₩,78200₩,74000₩,77200₩,43825200₩
2024-05-28,AMD,169.4200$,174.5500$,164.9600$,171.6100$,66495414$
2024-05-28,SK하이닉스,202500₩,205500₩,200500₩,202500₩,2084945₩
2024-05-28,삼성전자,76500₩,78000₩,76200₩,77600₩,18539072₩
2024-05-28,NVIDIA,110.2350$,114.9296$,109.8740$,113.8917$,65272789$
2024-05-29,NVIDIA,113.0407$,115.4825$,110.8919$,114.8156$,55744193$
2024-05-29,SK하이닉스,210000₩,210000₩,200500₩,202500₩,3073139₩
2024-05-29,삼성전자,77700₩,78200₩,75200₩,75200₩,30244876₩
2024-05-29,AMD,167.4600$,168.4800$,162.9100$,165.1400$,56537503$
2024-05-30,SK하이닉스,202500₩,202500₩,195700₩,195700₩,2402236₩
2024-05-30,NVIDIA,114.6406$,115.8097$,109.6540$,110.4909$,48735033$
2024-05-30,삼성전자,74800₩,75200₩,73500₩,73500₩,28551272₩
2024-05-30,AMD,167.9000$,168.7469$,163.8000$,166.7500$,46479934$
2024-05-31,NVIDIA,112.5108$,112.7078$,106.9312$,109.6240$,61326250$
2024-05-31,AMD,166.6500$,169.5000$,160.0700$,166.9000$,64331946$
2024-05-31,SK하이닉스,194400₩,195200₩,188200₩,189200₩,5958829₩
2024-05-31,삼성전자,74500₩,74700₩,73500₩,73500₩,26198776₩
2024-06-03,삼성전자,74400₩,76400₩,74200₩,75700₩,15706268₩
2024-06-03,NVIDIA,113.6117$,114.9906$,111.9938$,114.9906$,43839176$
2024-06-03,AMD,170.8200$,171.0800$,160.9101$,163.5500$,59157590$
2024-06-03,SK하이닉스,189500₩,194600₩,188200₩,194200₩,2982443₩
2024-06-04,NVIDIA,115.7065$,116.5904$,114.0356$,116.4275$,40332401$
2024-06-04,SK하이닉스,196400₩,196500₩,192900₩,193300₩,1996780₩
2024-06-04,삼성전자,74900₩,76100₩,74900₩,75300₩,14098053₩
2024-06-04,AMD,162.8400$,164.8300$,158.8729$,159.9900$,48157209$
2024-06-05,삼성전자,78000₩,78000₩,76800₩,77400₩,23177968₩
2024-06-05,SK하이닉스,189400₩,195200₩,188800₩,193700₩,2709631₩
2024-06-05,NVIDIA,118.3613$,122.4395$,117.4584$,122.4300$,52840178$
2024-06-05,AMD,162.0700$,167.1200$,161.3800$,166.1700$,60507494$
2024-06-06,NVIDIA,124.0378$,125.5767$,118.3103$,120.9881$,66469619$
2024-06-06,AMD,165.4600$,169.5100$,163.8600$,166.7800$,47153676$
2024-06-07,삼성전자,78400₩,78600₩,77100₩,77300₩,21189348₩
2024-06-07,NVIDIA,119.7602$,121.6817$,118.0123$,120.8781$,41238580$
2024-06-07,AMD,166.5900$,169.4500$,165.8600$,167.8700$,44795998$
2024-06-07,SK하이닉스,199500₩,207500₩,197300₩,207500₩,4805326₩
2024-06-10,SK하이닉스,206000₩,209500₩,205000₩,208000₩,2448961₩
2024-06-10,삼성전자,76100₩,76600₩,75600₩,75700₩,14598755₩
2024-06-10,AMD,162.4800$,165.5500$,159.6100$,160.3400$,67575627$
2024-06-10,NVIDIA,120.3601$,195.9339$,117.0004$,121.7800$,314162650$
2024-06-11,AMD,160.5000$,161.5400$,156.9200$,158.9600$,40497092$
2024-06-11,SK하이닉스,210000₩,215000₩,206000₩,212500₩,3070163₩
2024-06-11,NVIDIA,121.7700$,122.8700$,118.7400$,120.9100$,222551158$
2024-06-11,삼성전자,75900₩,76000₩,75100₩,75200₩,16971176₩
2024-06-12,NVIDIA,123.0600$,126.8800$,122.5700$,125.2000$,299595001$
2024-06-12,SK하이닉스,212000₩,216000₩,211000₩,215000₩,2151331₩
2024-06-12,삼성전자,75300₩,77100₩,75200₩,76500₩,19246724₩
2024-06-12,AMD,160.3200$,162.2400$,158.6200$,160.2400$,48325813$
2024-06-13,NVIDIA,129.3900$,129.8000$,127.1600$,129.6100$,260704537$
2024-06-13,AMD,160.4000$,162.6600$,157.3100$,159.9000$,44442511$
2024-06-13,SK하이닉스,226000₩,226500₩,219000₩,222000₩,5777279₩
2024-06-13,삼성전자,78400₩,79000₩,77800₩,78600₩,33763804₩
2024-06-14,AMD,158.5000$,161.3399$,157.6100$,159.6300$,34054023$
2024-06-14,NVIDIA,129.9600$,132.8400$,128.3200$,131.8800$,309320376$
2024-06-14,SK하이닉스,225000₩,225000₩,216000₩,221000₩,3311223₩
2024-06-14,삼성전자,79700₩,80500₩,79000₩,79600₩,22926612₩
